Workbook

Sheet RECHERCHE
B6: UN : | C6: 3082
B7: POIDS : | C7: 1000
B8: A/D/I : | C8: =IF(C7="","",IF(VLOOKUP(RECHERCHE!C6,'CODE UN VS CODE H'!$A$1:$AZ$2322,50,FALSE)<RECHERCHE!C7,"Interdit",IF(C7="","",VLOOKUP(C6,'CODE UN VS CODE H'!$A$1:$AH$50000,34,FALSE)))) -> Accepted
B9: ICPE : | C9: =IF(C8="","",VLOOKUP(C6,'CODE UN VS CODE H'!$A$1:$AZ$2322,52,FALSE)) -> 4511

Sheet Sheet1

Sheet Sheet2

Sheet CODE H VS CODE ICPE
A1: Code Mention de danger | B1: Signification des mentions | C1: Rubrique ICPE | D1: Stockage | E1: STOCK MAX | G1: ok / ko
A2: H300 | B2: Mortel en cas d’ingestion. | C2: 4110 | D2: Demande d'autorisation | E2: 199.99 | G2: =IF(C2="","ko","ok") -> ok
A3: H310 | B3: Mortel par contact cutané. | C3: 4110 | D3: Interdit | E3: 199.99 | G3: =IF(C3="","ko","ok") -> ok
A4: H311 | B4: Toxique par contact cutané. | C4: 4110 | D4: Demande d'autorisation | E4: 199.99 | G4: =IF(C4="","ko","ok") -> ok
A5: H312 | B5: Nocif par contact cutané. | C5: 4110 | D5: Demande d'autorisation | E5: 199.99 | G5: =IF(C5="","ko","ok") -> ok
A6: H330 | B6: Mortel par inhalation. | C6: 4110 | D6: Interdit | E6: 199.99 | G6: =IF(C6="","ko","ok") -> ok
A7: H370 | B7: Risque avéré d’effets graves pour les organes <ou indiquer tous les organes affectés, s’ils sont connus> <indiquer la voie d’exposition s’il est formellement prouvé qu’aucune autre voie d’exposition ne conduit au même danger>. | C7: 4150 | D7: Demande d'autorisation | E7: 4999.99 | G7: =IF(C7="","ko","ok") -> ok
A8: H200 | B8: Explosif instable. | C8: 4210 | D8: Interdit | E8: 99.99 | G8: =IF(C8="","ko","ok") -> ok
A9: H201 | B9: Explosif ; danger d’explosion en masse. | C9: 4210 | D9: Interdit | E9: 99.99 | G9: =IF(C9="","ko","ok") -> ok
A10: H202 | B10: Explosif ; danger d’explosion en masse. | C10: 4210 | D10: Interdit | E10: 99.99 | G10: =IF(C10="","ko","ok") -> ok
A11: H203 | B11: Explosif; danger d’incendie, d’effet de souffle ou de projection. | C11: 4210 | D11: Interdit | E11: 99.99 | G11: =IF(C11="","ko","ok") -> ok
A12: H204 | B12: Danger d’incendie ou de projection. | C12: 4210 | D12: Demande d'autorisation | E12: 99.99 | G12: =IF(C12="","ko","ok") -> ok
A13: H205 | B13: Danger d’explosion en masse en cas d’incendie. | C13: 4210 | D13: Interdit | E13: 99.99 | G13: =IF(C13="","ko","ok") -> ok
... A80: H420 | B80: Nuit à la santé publique et à l’environnement en détruisant l’ozone dans la haute atmosphère. | C80: 4710 | D80: Interdit | E80: 99.99 | G80: =IF(C80="","ko","ok") -> ok

Sheet CODE UN VS CODE H
A1: N° ONU | B1: Nom et description | C1: Classe | D1: Code de Classification | E1: Name and description | F1: CODE H 1 : | G1: CODE H 2 : | H1: CODE H 3 : | I1: CODE H 4 : | J1: CODE H 5 : | K1: CODE H 6 : | L1: CODE H 7 : | M1: CODE H 8 : | N1: CODE H 9 : | O1: CODE H 10 : | P1: CODE H 11 : | Q1: CODE H 12 : | R1: CODE H 13 : | S1: CODE H 14 : | T1: A/D/I CODE H 1 | U1: A/D/I CODE H 2 | V1: A/D/I CODE H 3 | W1: A/D/I CODE H 4 | X1: A/D/I CODE H 5 | Y1: A/D/I CODE H 6 | Z1: A/D/I CODE H 7 | AA1: A/D/I CODE H 8 | AB1: A/D/I CODE H 9 | AC1: A/D/I CODE H 10 | AD1: A/D/I CODE H 11 | AE1: A/D/I CODE H 12 | AF1: A/D/I CODE H 13 | AG1: A/D/I CODE H 14 | AH1: RESULTAT | AI1: POIDS MAX CODE H 1 | AJ1: POIDS MAX CODE H 2 | AK1: POIDS MAX CODE H 3 | AL1: POIDS MAX CODE H 4 | AM1: POIDS MAX CODE H 5 | AN1: POIDS MAX CODE H 6 | AO1: POIDS MAX CODE H 7 | AP1: POIDS MAX CODE H 8 | AQ1: POIDS MAX CODE H 9 | AR1: POIDS MAX CODE H 10 | AS1: POIDS MAX CODE H 11 | AT1: POIDS MAX CODE H 12 | AU1: POIDS MAX CODE H 13 | AV1: POIDS MAX CODE H 14 | AW1: RESULTAT | AX1: POIDS MAX UN | AY1: DERNIER CODE VS CLASS ICPE | AZ1: CLASSE ICPE
A2: 1648 | B2: ACÉTONITRILE | C2: 6.1 | D2: T1 | E2: METHYL BROMIDE AND ETHYLENE DIBROMIDE MIXTURE, LIQUID | F2: H225 | G2: h302 | H2: h312 | I2: h332 | J2: h319 | T2: =IFERROR(VLOOKUP(F2,'CODE H VS CODE ICPE'!$A$2:$D$80,4,FALSE),"") -> Autorisé | U2: =IFERROR(VLOOKUP(G2,'CODE H VS CODE ICPE'!$A$2:$D$80,4,FALSE),"") -> Autorisé | V2: =IFERROR(VLOOKUP(H2,'CODE H VS CODE ICPE'!$A$2:$D$80,4,FALSE),"") -> Demande d'autorisation | W2: =IFERROR(VLOOKUP(I2,'CODE H VS CODE ICPE'!$A$2:$D$80,4,FALSE),"") -> Interdit | X2: =IFERROR(VLOOKUP(J2,'CODE H VS CODE ICPE'!$A$2:$D$80,4,FALSE),"") -> Autorisé | Y2: =IFERROR(VLOOKUP(K2,'CODE H VS CODE ICPE'!$A$2:$D$80,4,FALSE),"") | Z2: =IFERROR(VLOOKUP(L2,'CODE H VS CODE ICPE'!$A$2:$D$80,4,FALSE),"") | AA2: =IFERROR(VLOOKUP(M2,'CODE H VS CODE ICPE'!$A$2:$D$80,4,FALSE),"") | ... AG2: =IFERROR(VLOOKUP(S2,'CODE H VS CODE ICPE'!$A$2:$D$80,4,FALSE),"") | AH2: Accepted | AI2: =IF(T2="",0,IF(T2="Interdit",0,VLOOKUP(F2,'CODE H VS CODE ICPE'!$A$2:$E$80,5,FALSE))) -> 99999.99 | AJ2: =IF(U2="",0,IF(U2="Interdit",0,VLOOKUP(G2,'CODE H VS CODE ICPE'!$A$2:$E$80,5,FALSE))) -> 99999.99 | AK2: =IF(V2="",0,IF(V2="Interdit",0,VLOOKUP(H2,'CODE H VS CODE ICPE'!$A$2:$E$80,5,FALSE))) -> 199.99 | AL2: =IF(W2="",0,IF(W2="Interdit",0,VLOOKUP(I2,'CODE H VS CODE ICPE'!$A$2:$E$80,5,FALSE))) -> 0 | AM2: =IF(X2="",0,IF(X2="Interdit",0,VLOOKUP(J2,'CODE H VS CODE ICPE'!$A$2:$E$80,5,FALSE))) -> 99999.99 | AN2: =IF(Y2="",0,IF(Y2="Interdit",0,VLOOKUP(K2,'CODE H VS CODE ICPE'!$A$2:$E$80,5,FALSE))) -> 0 | AO2: =IF(Z2="",0,IF(Z2="Interdit",0,VLOOKUP(L2,'CODE H VS CODE ICPE'!$A$2:$E$80,5,FALSE))) -> 0 | AP2: =IF(AA2="",0,IF(AA2="Interdit",0,VLOOKUP(M2,'CODE H VS CODE ICPE'!$A$2:$E$80,5,FALSE))) -> 0 | ... AV2: =IF(AG2="",0,IF(AG2="Interdit",0,VLOOKUP(S2,'CODE H VS CODE ICPE'!$A$2:$E$80,5,FALSE))) -> 0 | AW2: =ADDRESS(2,MATCH(MAX(AI2:AV2),AI2:AV2,0)+COLUMN(AI2)-1) -> $AI$2 | AX2: =IF(AH2="Interdit","",IF(AW2="$AI$2",AI2,IF(AW2="$AJ$2",AJ2,IF(AW2="$AK$2",AK2,IF(AW2="$AL$2",AL2,IF(AW2="$AM$2",AM2,IF(AW2="$AN$2",AN2,IF(AW2="$AO$2",AO2,IF(AW2="$AP$2",AP2,IF(AW2="$AQ$2",AQ2,IF(AW2="$AR$2",AR2,IF(AW2="$AS$2",AS2,IF(AW2="$AT$2",AT2,IF(AW2="$AU$2",AU2,IF(AW2="$AV$2",AV2,""))))))))))))))) -> 99999.99 | AY2: =IF(AX2="","",IF(AW2="$AI$2",F2,IF(AW2="$AJ$2",G2,IF(AW2="$AK$2",H2,IF(AW2="$AL$2",I2,IF(AW2="$AM$2",J2,IF(AW2="$AN$2",K2,IF(AW2="$AO$2",L2,IF(AW2="$AP$2",M2,IF(AW2="$AQ$2",N2,IF(AW2="$AR$2",O2,IF(AW2="$AS$2",P2,IF(AW2="$AT$2",Q2,IF(AW2="$AU$2",R2,IF(AW2="$AV$2",S2,""))))))))))))))) -> H225 | AZ2: =IF(AY2="","",IF(AY2=0,"",VLOOKUP(AY2,'CODE H VS CODE ICPE'!$A$1:$E$80,3,FALSE))) -> 4331
A3: 1065 | B3: NÉON COMPRIMÉ | C3: 2 | D3: 1A | E3: NEON, COMPRESSED | F3: H222 | G3: H229 | H3: H319 | I3: H336 | T3: =IFERROR(VLOOKUP(F3,'CODE H VS CODE ICPE'!$A$2:$D$80,4,FALSE),"") -> Autorisé | U3: =IFERROR(VLOOKUP(G3,'CODE H VS CODE ICPE'!$A$2:$D$80,4,FALSE),"") -> Autorisé | V3: =IFERROR(VLOOKUP(H3,'CODE H VS CODE ICPE'!$A$2:$D$80,4,FALSE),"") -> Autorisé | W3: =IFERROR(VLOOKUP(I3,'CODE H VS CODE ICPE'!$A$2:$D$80,4,FALSE),"") -> Autorisé | X3: =IFERROR(VLOOKUP(J3,'CODE H VS CODE ICPE'!$A$2:$D$80,4,FALSE),"") | Y3: =IFERROR(VLOOKUP(K3,'CODE H VS CODE ICPE'!$A$2:$D$80,4,FALSE),"") | Z3: =IFERROR(VLOOKUP(L3,'CODE H VS CODE ICPE'!$A$2:$D$80,4,FALSE),"") | AA3: =IFERROR(VLOOKUP(M3,'CODE H VS CODE ICPE'!$A$2:$D$80,4,FALSE),"") | ... AG3: =IFERROR(VLOOKUP(S3,'CODE H VS CODE ICPE'!$A$2:$D$80,4,FALSE),"") | AH3: =IF(COUNTIF(T3:AG3, "Rejected") > 0, "Rejected", IF(COUNTIF(T3:AG3, "Under request") > 0, "Under request", "Accepted")) -> Accepted | AI3: =IF(T3="",0,IF(T3="Interdit",0,VLOOKUP(F3,'CODE H VS CODE ICPE'!$A$2:$E$80,5,FALSE))) -> 149999.99 | AJ3: =IF(U3="",0,IF(U3="Interdit",0,VLOOKUP(G3,'CODE H VS CODE ICPE'!$A$2:$E$80,5,FALSE))) -> 149999.99 | AK3: =IF(V3="",0,IF(V3="Interdit",0,VLOOKUP(H3,'CODE H VS CODE ICPE'!$A$2:$E$80,5,FALSE))) -> 99999.99 | AL3: =IF(W3="",0,IF(W3="Interdit",0,VLOOKUP(I3,'CODE H VS CODE ICPE'!$A$2:$E$80,5,FALSE))) -> 99999.99 | AM3: =IF(X3="",0,IF(X3="Interdit",0,VLOOKUP(J3,'CODE H VS CODE ICPE'!$A$2:$E$80,5,FALSE))) -> 0 | AN3: =IF(Y3="",0,IF(Y3="Interdit",0,VLOOKUP(K3,'CODE H VS CODE ICPE'!$A$2:$E$80,5,FALSE))) -> 0 | AO3: =IF(Z3="",0,IF(Z3="Interdit",0,VLOOKUP(L3,'CODE H VS CODE ICPE'!$A$2:$E$80,5,FALSE))) -> 0 | AP3: =IF(AA3="",0,IF(AA3="Interdit",0,VLOOKUP(M3,'CODE H VS CODE ICPE'!$A$2:$E$80,5,FALSE))) -> 0 | ... AV3: =IF(AG3="",0,IF(AG3="Interdit",0,VLOOKUP(S3,'CODE H VS CODE ICPE'!$A$2:$E$80,5,FALSE))) -> 0 | AW3: =ADDRESS(2,MATCH(MAX(AI3:AV3),AI3:AV3,0)+COLUMN(AI3)-1) -> $AI$2 | AX3: =IF(AH3="Interdit","",IF(AW3="$AI$2",AI3,IF(AW3="$AJ$2",AJ3,IF(AW3="$AK$2",AK3,IF(AW3="$AL$2",AL3,IF(AW3="$AM$2",AM3,IF(AW3="$AN$2",AN3,IF(AW3="$AO$2",AO3,IF(AW3="$AP$2",AP3,IF(AW3="$AQ$2",AQ3,IF(AW3="$AR$2",AR3,IF(AW3="$AS$2",AS3,IF(AW3="$AT$2",AT3,IF(AW3="$AU$2",AU3,IF(AW3="$AV$2",AV3,""))))))))))))))) -> 149999.99 | AY3: =IF(AX3="","",IF(AW3="$AI$2",F3,IF(AW3="$AJ$2",G3,IF(AW3="$AK$2",H3,IF(AW3="$AL$2",I3,IF(AW3="$AM$2",J3,IF(AW3="$AN$2",K3,IF(AW3="$AO$2",L3,IF(AW3="$AP$2",M3,IF(AW3="$AQ$2",N3,IF(AW3="$AR$2",O3,IF(AW3="$AS$2",P3,IF(AW3="$AT$2",Q3,IF(AW3="$AU$2",R3,IF(AW3="$AV$2",S3,""))))))))))))))) -> H222 | AZ3: =IF(AY3="","",IF(AY3=0,"",VLOOKUP(AY3,'CODE H VS CODE ICPE'!$A$1:$E$80,3,FALSE))) -> 4320
A4: 1090 | B4: ACÉTONE | C4: 3 | D4: F1 | E4: ACETONE | F4: H225 | G4: H319 | H4: H336 | T4: =IFERROR(VLOOKUP(F4,'CODE H VS CODE ICPE'!$A$2:$D$80,4,FALSE),"") -> Autorisé | U4: =IFERROR(VLOOKUP(G4,'CODE H VS CODE ICPE'!$A$2:$D$80,4,FALSE),"") -> Autorisé | V4: =IFERROR(VLOOKUP(H4,'CODE H VS CODE ICPE'!$A$2:$D$80,4,FALSE),"") -> Autorisé | W4: =IFERROR(VLOOKUP(I4,'CODE H VS CODE ICPE'!$A$2:$D$80,4,FALSE),"") | X4: =IFERROR(VLOOKUP(J4,'CODE H VS CODE ICPE'!$A$2:$D$80,4,FALSE),"") | Y4: =IFERROR(VLOOKUP(K4,'CODE H VS CODE ICPE'!$A$2:$D$80,4,FALSE),"") | Z4: =IFERROR(VLOOKUP(L4,'CODE H VS CODE ICPE'!$A$2:$D$80,4,FALSE),"") | AA4: =IFERROR(VLOOKUP(M4,'CODE H VS CODE ICPE'!$A$2:$D$80,4,FALSE),"") | ... AG4: =IFERROR(VLOOKUP(S4,'CODE H VS CODE ICPE'!$A$2:$D$80,4,FALSE),"") | AH4: =IF(COUNTIF(T4:AG4, "Rejected") > 0, "Rejected", IF(COUNTIF(T4:AG4, "Under request") > 0, "Under request", "Accepted")) -> Accepted | AI4: =IF(T4="",0,IF(T4="Interdit",0,VLOOKUP(F4,'CODE H VS CODE ICPE'!$A$2:$E$80,5,FALSE))) -> 99999.99 | AJ4: =IF(U4="",0,IF(U4="Interdit",0,VLOOKUP(G4,'CODE H VS CODE ICPE'!$A$2:$E$80,5,FALSE))) -> 99999.99 | AK4: =IF(V4="",0,IF(V4="Interdit",0,VLOOKUP(H4,'CODE H VS CODE ICPE'!$A$2:$E$80,5,FALSE))) -> 99999.99 | AL4: =IF(W4="",0,IF(W4="Interdit",0,VLOOKUP(I4,'CODE H VS CODE ICPE'!$A$2:$E$80,5,FALSE))) -> 0 | AM4: =IF(X4="",0,IF(X4="Interdit",0,VLOOKUP(J4,'CODE H VS CODE ICPE'!$A$2:$E$80,5,FALSE))) -> 0 | AN4: =IF(Y4="",0,IF(Y4="Interdit",0,VLOOKUP(K4,'CODE H VS CODE ICPE'!$A$2:$E$80,5,FALSE))) -> 0 | AO4: =IF(Z4="",0,IF(Z4="Interdit",0,VLOOKUP(L4,'CODE H VS CODE ICPE'!$A$2:$E$80,5,FALSE))) -> 0 | AP4: =IF(AA4="",0,IF(AA4="Interdit",0,VLOOKUP(M4,'CODE H VS CODE ICPE'!$A$2:$E$80,5,FALSE))) -> 0 | ... AV4: =IF(AG4="",0,IF(AG4="Interdit",0,VLOOKUP(S4,'CODE H VS CODE ICPE'!$A$2:$E$80,5,FALSE))) -> 0 | AW4: =ADDRESS(2,MATCH(MAX(AI4:AV4),AI4:AV4,0)+COLUMN(AI4)-1) -> $AI$2 | AX4: =IF(AH4="Interdit","",IF(AW4="$AI$2",AI4,IF(AW4="$AJ$2",AJ4,IF(AW4="$AK$2",AK4,IF(AW4="$AL$2",AL4,IF(AW4="$AM$2",AM4,IF(AW4="$AN$2",AN4,IF(AW4="$AO$2",AO4,IF(AW4="$AP$2",AP4,IF(AW4="$AQ$2",AQ4,IF(AW4="$AR$2",AR4,IF(AW4="$AS$2",AS4,IF(AW4="$AT$2",AT4,IF(AW4="$AU$2",AU4,IF(AW4="$AV$2",AV4,""))))))))))))))) -> 99999.99 | AY4: =IF(AX4="","",IF(AW4="$AI$2",F4,IF(AW4="$AJ$2",G4,IF(AW4="$AK$2",H4,IF(AW4="$AL$2",I4,IF(AW4="$AM$2",J4,IF(AW4="$AN$2",K4,IF(AW4="$AO$2",L4,IF(AW4="$AP$2",M4,IF(AW4="$AQ$2",N4,IF(AW4="$AR$2",O4,IF(AW4="$AS$2",P4,IF(AW4="$AT$2",Q4,IF(AW4="$AU$2",R4,IF(AW4="$AV$2",S4,""))))))))))))))) -> H225 | AZ4: =IF(AY4="","",IF(AY4=0,"",VLOOKUP(AY4,'CODE H VS CODE ICPE'!$A$1:$E$80,3,FALSE))) -> 4331
A5: 1107 | B5: CHLORURES D'AMYLE | C5: 3 | D5: F1 | E5: AMYL CHLORIDE | F5: H314 | T5: =IFERROR(VLOOKUP(F5,'CODE H VS CODE ICPE'!$A$2:$D$80,4,FALSE),"") -> Autorisé | U5: =IFERROR(VLOOKUP(G5,'CODE H VS CODE ICPE'!$A$2:$D$80,4,FALSE),"") | V5: =IFERROR(VLOOKUP(H5,'CODE H VS CODE ICPE'!$A$2:$D$80,4,FALSE),"") | W5: =IFERROR(VLOOKUP(I5,'CODE H VS CODE ICPE'!$A$2:$D$80,4,FALSE),"") | X5: =IFERROR(VLOOKUP(J5,'CODE H VS CODE ICPE'!$A$2:$D$80,4,FALSE),"") | Y5: =IFERROR(VLOOKUP(K5,'CODE H VS CODE ICPE'!$A$2:$D$80,4,FALSE),"") | Z5: =IFERROR(VLOOKUP(L5,'CODE H VS CODE ICPE'!$A$2:$D$80,4,FALSE),"") | AA5: =IFERROR(VLOOKUP(M5,'CODE H VS CODE ICPE'!$A$2:$D$80,4,FALSE),"") | ... AG5: =IFERROR(VLOOKUP(S5,'CODE H VS CODE ICPE'!$A$2:$D$80,4,FALSE),"") | AH5: =IF(COUNTIF(T5:AG5, "Rejected") > 0, "Rejected", IF(COUNTIF(T5:AG5, "Under request") > 0, "Under request", "Accepted")) -> Accepted | AI5: =IF(T5="",0,IF(T5="Interdit",0,VLOOKUP(F5,'CODE H VS CODE ICPE'!$A$2:$E$80,5,FALSE))) -> 149999.99 | AJ5: =IF(U5="",0,IF(U5="Interdit",0,VLOOKUP(G5,'CODE H VS CODE ICPE'!$A$2:$E$80,5,FALSE))) -> 0 | AK5: =IF(V5="",0,IF(V5="Interdit",0,VLOOKUP(H5,'CODE H VS CODE ICPE'!$A$2:$E$80,5,FALSE))) -> 0 | AL5: =IF(W5="",0,IF(W5="Interdit",0,VLOOKUP(I5,'CODE H VS CODE ICPE'!$A$2:$E$80,5,FALSE))) -> 0 | AM5: =IF(X5="",0,IF(X5="Interdit",0,VLOOKUP(J5,'CODE H VS CODE ICPE'!$A$2:$E$80,5,FALSE))) -> 0 | AN5: =IF(Y5="",0,IF(Y5="Interdit",0,VLOOKUP(K5,'CODE H VS CODE ICPE'!$A$2:$E$80,5,FALSE))) -> 0 | AO5: =IF(Z5="",0,IF(Z5="Interdit",0,VLOOKUP(L5,'CODE H VS CODE ICPE'!$A$2:$E$80,5,FALSE))) -> 0 | AP5: =IF(AA5="",0,IF(AA5="Interdit",0,VLOOKUP(M5,'CODE H VS CODE ICPE'!$A$2:$E$80,5,FALSE))) -> 0 | ... AV5: =IF(AG5="",0,IF(AG5="Interdit",0,VLOOKUP(S5,'CODE H VS CODE ICPE'!$A$2:$E$80,5,FALSE))) -> 0 | AW5: =ADDRESS(2,MATCH(MAX(AI5:AV5),AI5:AV5,0)+COLUMN(AI5)-1) -> $AI$2 | AX5: =IF(AH5="Interdit","",IF(AW5="$AI$2",AI5,IF(AW5="$AJ$2",AJ5,IF(AW5="$AK$2",AK5,IF(AW5="$AL$2",AL5,IF(AW5="$AM$2",AM5,IF(AW5="$AN$2",AN5,IF(AW5="$AO$2",AO5,IF(AW5="$AP$2",AP5,IF(AW5="$AQ$2",AQ5,IF(AW5="$AR$2",AR5,IF(AW5="$AS$2",AS5,IF(AW5="$AT$2",AT5,IF(AW5="$AU$2",AU5,IF(AW5="$AV$2",AV5,""))))))))))))))) -> 149999.99 | AY5: =IF(AX5="","",IF(AW5="$AI$2",F5,IF(AW5="$AJ$2",G5,IF(AW5="$AK$2",H5,IF(AW5="$AL$2",I5,IF(AW5="$AM$2",J5,IF(AW5="$AN$2",K5,IF(AW5="$AO$2",L5,IF(AW5="$AP$2",M5,IF(AW5="$AQ$2",N5,IF(AW5="$AR$2",O5,IF(AW5="$AS$2",P5,IF(AW5="$AT$2",Q5,IF(AW5="$AU$2",R5,IF(AW5="$AV$2",S5,""))))))))))))))) -> H314 | AZ5: =IF(AY5="","",IF(AY5=0,"",VLOOKUP(AY5,'CODE H VS CODE ICPE'!$A$1:$E$80,3,FALSE))) -> 4320
A6: 1123 | B6: ACÉTATES DE BUTYLE | C6: 3 | D6: F1 | E6: BUTYL ACETATES | F6: H226 | G6: H336 | T6: =IFERROR(VLOOKUP(F6,'CODE H VS CODE ICPE'!$A$2:$D$80,4,FALSE),"") -> Autorisé | U6: =IFERROR(VLOOKUP(G6,'CODE H VS CODE ICPE'!$A$2:$D$80,4,FALSE),"") -> Autorisé | V6: =IFERROR(VLOOKUP(H6,'CODE H VS CODE ICPE'!$A$2:$D$80,4,FALSE),"") | W6: =IFERROR(VLOOKUP(I6,'CODE H VS CODE ICPE'!$A$2:$D$80,4,FALSE),"") | X6: =IFERROR(VLOOKUP(J6,'CODE H VS CODE ICPE'!$A$2:$D$80,4,FALSE),"") | Y6: =IFERROR(VLOOKUP(K6,'CODE H VS CODE ICPE'!$A$2:$D$80,4,FALSE),"") | Z6: =IFERROR(VLOOKUP(L6,'CODE H VS CODE ICPE'!$A$2:$D$80,4,FALSE),"") | AA6: =IFERROR(VLOOKUP(M6,'CODE H VS CODE ICPE'!$A$2:$D$80,4,FALSE),"") | ... AG6: =IFERROR(VLOOKUP(S6,'CODE H VS CODE ICPE'!$A$2:$D$80,4,FALSE),"") | AH6: =IF(COUNTIF(T6:AG6, "Rejected") > 0, "Rejected", IF(COUNTIF(T6:AG6, "Under request") > 0, "Under request", "Accepted")) -> Accepted | AI6: =IF(T6="",0,IF(T6="Interdit",0,VLOOKUP(F6,'CODE H VS CODE ICPE'!$A$2:$E$80,5,FALSE))) -> 99999.99 | AJ6: =IF(U6="",0,IF(U6="Interdit",0,VLOOKUP(G6,'CODE H VS CODE ICPE'!$A$2:$E$80,5,FALSE))) -> 99999.99 | AK6: =IF(V6="",0,IF(V6="Interdit",0,VLOOKUP(H6,'CODE H VS CODE ICPE'!$A$2:$E$80,5,FALSE))) -> 0 | AL6: =IF(W6="",0,IF(W6="Interdit",0,VLOOKUP(I6,'CODE H VS CODE ICPE'!$A$2:$E$80,5,FALSE))) -> 0 | AM6: =IF(X6="",0,IF(X6="Interdit",0,VLOOKUP(J6,'CODE H VS CODE ICPE'!$A$2:$E$80,5,FALSE))) -> 0 | AN6: =IF(Y6="",0,IF(Y6="Interdit",0,VLOOKUP(K6,'CODE H VS CODE ICPE'!$A$2:$E$80,5,FALSE))) -> 0 | AO6: =IF(Z6="",0,IF(Z6="Interdit",0,VLOOKUP(L6,'CODE H VS CODE ICPE'!$A$2:$E$80,5,FALSE))) -> 0 | AP6: =IF(AA6="",0,IF(AA6="Interdit",0,VLOOKUP(M6,'CODE H VS CODE ICPE'!$A$2:$E$80,5,FALSE))) -> 0 | ... AV6: =IF(AG6="",0,IF(AG6="Interdit",0,VLOOKUP(S6,'CODE H VS CODE ICPE'!$A$2:$E$80,5,FALSE))) -> 0 | AW6: =ADDRESS(2,MATCH(MAX(AI6:AV6),AI6:AV6,0)+COLUMN(AI6)-1) -> $AI$2 | AX6: =IF(AH6="Interdit","",IF(AW6="$AI$2",AI6,IF(AW6="$AJ$2",AJ6,IF(AW6="$AK$2",AK6,IF(AW6="$AL$2",AL6,IF(AW6="$AM$2",AM6,IF(AW6="$AN$2",AN6,IF(AW6="$AO$2",AO6,IF(AW6="$AP$2",AP6,IF(AW6="$AQ$2",AQ6,IF(AW6="$AR$2",AR6,IF(AW6="$AS$2",AS6,IF(AW6="$AT$2",AT6,IF(AW6="$AU$2",AU6,IF(AW6="$AV$2",AV6,""))))))))))))))) -> 99999.99 | AY6: =IF(AX6="","",IF(AW6="$AI$2",F6,IF(AW6="$AJ$2",G6,IF(AW6="$AK$2",H6,IF(AW6="$AL$2",I6,IF(AW6="$AM$2",J6,IF(AW6="$AN$2",K6,IF(AW6="$AO$2",L6,IF(AW6="$AP$2",M6,IF(AW6="$AQ$2",N6,IF(AW6="$AR$2",O6,IF(AW6="$AS$2",P6,IF(AW6="$AT$2",Q6,IF(AW6="$AU$2",R6,IF(AW6="$AV$2",S6,""))))))))))))))) -> H226 | AZ6: =IF(AY6="","",IF(AY6=0,"",VLOOKUP(AY6,'CODE H VS CODE ICPE'!$A$1:$E$80,3,FALSE))) -> 4331
A7: 1128 | B7: FORMIATE DE n-BUTYLE | C7: 3 | D7: F1 | E7: n-BUTYL FORMATE | F7: H225 | G7: H319 | H7: H335 | T7: =IFERROR(VLOOKUP(F7,'CODE H VS CODE ICPE'!$A$2:$D$80,4,FALSE),"") -> Autorisé | U7: =IFERROR(VLOOKUP(G7,'CODE H VS CODE ICPE'!$A$2:$D$80,4,FALSE),"") -> Autorisé | V7: =IFERROR(VLOOKUP(H7,'CODE H VS CODE ICPE'!$A$2:$D$80,4,FALSE),"") -> Autorisé | W7: =IFERROR(VLOOKUP(I7,'CODE H VS CODE ICPE'!$A$2:$D$80,4,FALSE),"") | X7: =IFERROR(VLOOKUP(J7,'CODE H VS CODE ICPE'!$A$2:$D$80,4,FALSE),"") | Y7: =IFERROR(VLOOKUP(K7,'CODE H VS CODE ICPE'!$A$2:$D$80,4,FALSE),"") | Z7: =IFERROR(VLOOKUP(L7,'CODE H VS CODE ICPE'!$A$2:$D$80,4,FALSE),"") | AA7: =IFERROR(VLOOKUP(M7,'CODE H VS CODE ICPE'!$A$2:$D$80,4,FALSE),"") | ... AG7: =IFERROR(VLOOKUP(S7,'CODE H VS CODE ICPE'!$A$2:$D$80,4,FALSE),"") | AH7: =IF(COUNTIF(T7:AG7, "Rejected") > 0, "Rejected", IF(COUNTIF(T7:AG7, "Under request") > 0, "Under request", "Accepted")) -> Accepted | AI7: =IF(T7="",0,IF(T7="Interdit",0,VLOOKUP(F7,'CODE H VS CODE ICPE'!$A$2:$E$80,5,FALSE))) -> 99999.99 | AJ7: =IF(U7="",0,IF(U7="Interdit",0,VLOOKUP(G7,'CODE H VS CODE ICPE'!$A$2:$E$80,5,FALSE))) -> 99999.99 | AK7: =IF(V7="",0,IF(V7="Interdit",0,VLOOKUP(H7,'CODE H VS CODE ICPE'!$A$2:$E$80,5,FALSE))) -> 99999.99 | AL7: =IF(W7="",0,IF(W7="Interdit",0,VLOOKUP(I7,'CODE H VS CODE ICPE'!$A$2:$E$80,5,FALSE))) -> 0 | AM7: =IF(X7="",0,IF(X7="Interdit",0,VLOOKUP(J7,'CODE H VS CODE ICPE'!$A$2:$E$80,5,FALSE))) -> 0 | AN7: =IF(Y7="",0,IF(Y7="Interdit",0,VLOOKUP(K7,'CODE H VS CODE ICPE'!$A$2:$E$80,5,FALSE))) -> 0 | AO7: =IF(Z7="",0,IF(Z7="Interdit",0,VLOOKUP(L7,'CODE H VS CODE ICPE'!$A$2:$E$80,5,FALSE))) -> 0 | AP7: =IF(AA7="",0,IF(AA7="Interdit",0,VLOOKUP(M7,'CODE H VS CODE ICPE'!$A$2:$E$80,5,FALSE))) -> 0 | ... AV7: =IF(AG7="",0,IF(AG7="Interdit",0,VLOOKUP(S7,'CODE H VS CODE ICPE'!$A$2:$E$80,5,FALSE))) -> 0 | AW7: =ADDRESS(2,MATCH(MAX(AI7:AV7),AI7:AV7,0)+COLUMN(AI7)-1) -> $AI$2 | AX7: =IF(AH7="Interdit","",IF(AW7="$AI$2",AI7,IF(AW7="$AJ$2",AJ7,IF(AW7="$AK$2",AK7,IF(AW7="$AL$2",AL7,IF(AW7="$AM$2",AM7,IF(AW7="$AN$2",AN7,IF(AW7="$AO$2",AO7,IF(AW7="$AP$2",AP7,IF(AW7="$AQ$2",AQ7,IF(AW7="$AR$2",AR7,IF(AW7="$AS$2",AS7,IF(AW7="$AT$2",AT7,IF(AW7="$AU$2",AU7,IF(AW7="$AV$2",AV7,""))))))))))))))) -> 99999.99 | AY7: =IF(AX7="","",IF(AW7="$AI$2",F7,IF(AW7="$AJ$2",G7,IF(AW7="$AK$2",H7,IF(AW7="$AL$2",I7,IF(AW7="$AM$2",J7,IF(AW7="$AN$2",K7,IF(AW7="$AO$2",L7,IF(AW7="$AP$2",M7,IF(AW7="$AQ$2",N7,IF(AW7="$AR$2",O7,IF(AW7="$AS$2",P7,IF(AW7="$AT$2",Q7,IF(AW7="$AU$2",R7,IF(AW7="$AV$2",S7,""))))))))))))))) -> H225 | AZ7: =IF(AY7="","",IF(AY7=0,"",VLOOKUP(AY7,'CODE H VS CODE ICPE'!$A$1:$E$80,3,FALSE))) -> 4331
A8: 1129 | B8: BUTYRALDÉHYDE | C8: 3 | D8: F1 | E8: BUTYRALDEHYDE | F8: H225 | T8: =IFERROR(VLOOKUP(F8,'CODE H VS CODE ICPE'!$A$2:$D$80,4,FALSE),"") -> Autorisé | U8: =IFERROR(VLOOKUP(G8,'CODE H VS CODE ICPE'!$A$2:$D$80,4,FALSE),"") | V8: =IFERROR(VLOOKUP(H8,'CODE H VS CODE ICPE'!$A$2:$D$80,4,FALSE),"") | W8: =IFERROR(VLOOKUP(I8,'CODE H VS CODE ICPE'!$A$2:$D$80,4,FALSE),"") | X8: =IFERROR(VLOOKUP(J8,'CODE H VS CODE ICPE'!$A$2:$D$80,4,FALSE),"") | Y8: =IFERROR(VLOOKUP(K8,'CODE H VS CODE ICPE'!$A$2:$D$80,4,FALSE),"") | Z8: =IFERROR(VLOOKUP(L8,'CODE H VS CODE ICPE'!$A$2:$D$80,4,FALSE),"") | AA8: =IFERROR(VLOOKUP(M8,'CODE H VS CODE ICPE'!$A$2:$D$80,4,FALSE),"") | ... AG8: =IFERROR(VLOOKUP(S8,'CODE H VS CODE ICPE'!$A$2:$D$80,4,FALSE),"") | AH8: =IF(COUNTIF(T8:AG8, "Rejected") > 0, "Rejected", IF(COUNTIF(T8:AG8, "Under request") > 0, "Under request", "Accepted")) -> Accepted | AI8: =IF(T8="",0,IF(T8="Interdit",0,VLOOKUP(F8,'CODE H VS CODE ICPE'!$A$2:$E$80,5,FALSE))) -> 99999.99 | AJ8: =IF(U8="",0,IF(U8="Interdit",0,VLOOKUP(G8,'CODE H VS CODE ICPE'!$A$2:$E$80,5,FALSE))) -> 0 | AK8: =IF(V8="",0,IF(V8="Interdit",0,VLOOKUP(H8,'CODE H VS CODE ICPE'!$A$2:$E$80,5,FALSE))) -> 0 | AL8: =IF(W8="",0,IF(W8="Interdit",0,VLOOKUP(I8,'CODE H VS CODE ICPE'!$A$2:$E$80,5,FALSE))) -> 0 | AM8: =IF(X8="",0,IF(X8="Interdit",0,VLOOKUP(J8,'CODE H VS CODE ICPE'!$A$2:$E$80,5,FALSE))) -> 0 | AN8: =IF(Y8="",0,IF(Y8="Interdit",0,VLOOKUP(K8,'CODE H VS CODE ICPE'!$A$2:$E$80,5,FALSE))) -> 0 | AO8: =IF(Z8="",0,IF(Z8="Interdit",0,VLOOKUP(L8,'CODE H VS CODE ICPE'!$A$2:$E$80,5,FALSE))) -> 0 | AP8: =IF(AA8="",0,IF(AA8="Interdit",0,VLOOKUP(M8,'CODE H VS CODE ICPE'!$A$2:$E$80,5,FALSE))) -> 0 | ... AV8: =IF(AG8="",0,IF(AG8="Interdit",0,VLOOKUP(S8,'CODE H VS CODE ICPE'!$A$2:$E$80,5,FALSE))) -> 0 | AW8: =ADDRESS(2,MATCH(MAX(AI8:AV8),AI8:AV8,0)+COLUMN(AI8)-1) -> $AI$2 | AX8: =IF(AH8="Interdit","",IF(AW8="$AI$2",AI8,IF(AW8="$AJ$2",AJ8,IF(AW8="$AK$2",AK8,IF(AW8="$AL$2",AL8,IF(AW8="$AM$2",AM8,IF(AW8="$AN$2",AN8,IF(AW8="$AO$2",AO8,IF(AW8="$AP$2",AP8,IF(AW8="$AQ$2",AQ8,IF(AW8="$AR$2",AR8,IF(AW8="$AS$2",AS8,IF(AW8="$AT$2",AT8,IF(AW8="$AU$2",AU8,IF(AW8="$AV$2",AV8,""))))))))))))))) -> 99999.99 | AY8: =IF(AX8="","",IF(AW8="$AI$2",F8,IF(AW8="$AJ$2",G8,IF(AW8="$AK$2",H8,IF(AW8="$AL$2",I8,IF(AW8="$AM$2",J8,IF(AW8="$AN$2",K8,IF(AW8="$AO$2",L8,IF(AW8="$AP$2",M8,IF(AW8="$AQ$2",N8,IF(AW8="$AR$2",O8,IF(AW8="$AS$2",P8,IF(AW8="$AT$2",Q8,IF(AW8="$AU$2",R8,IF(AW8="$AV$2",S8,""))))))))))))))) -> H225 | AZ8: =IF(AY8="","",IF(AY8=0,"",VLOOKUP(AY8,'CODE H VS CODE ICPE'!$A$1:$E$80,3,FALSE))) -> 4331
A9: 1133 | B9: ADHÉSIFS contenant un liquide inflammable | C9: 3 | D9: F1 | E9: ADHESIVES containing flammable liquid | F9: H225 | G9: H302 | I9: H335 | J9: H336 | T9: =IFERROR(VLOOKUP(F9,'CODE H VS CODE ICPE'!$A$2:$D$80,4,FALSE),"") -> Autorisé | U9: =IFERROR(VLOOKUP(G9,'CODE H VS CODE ICPE'!$A$2:$D$80,4,FALSE),"") -> Autorisé | V9: =IFERROR(VLOOKUP(H9,'CODE H VS CODE ICPE'!$A$2:$D$80,4,FALSE),"") | W9: =IFERROR(VLOOKUP(I9,'CODE H VS CODE ICPE'!$A$2:$D$80,4,FALSE),"") -> Autorisé | X9: =IFERROR(VLOOKUP(J9,'CODE H VS CODE ICPE'!$A$2:$D$80,4,FALSE),"") -> Autorisé | Y9: =IFERROR(VLOOKUP(K9,'CODE H VS CODE ICPE'!$A$2:$D$80,4,FALSE),"") | Z9: =IFERROR(VLOOKUP(L9,'CODE H VS CODE ICPE'!$A$2:$D$80,4,FALSE),"") | AA9: =IFERROR(VLOOKUP(M9,'CODE H VS CODE ICPE'!$A$2:$D$80,4,FALSE),"") | ... AG9: =IFERROR(VLOOKUP(S9,'CODE H VS CODE ICPE'!$A$2:$D$80,4,FALSE),"") | AH9: =IF(COUNTIF(T9:AG9, "Rejected") > 0, "Rejected", IF(COUNTIF(T9:AG9, "Under request") > 0, "Under request", "Accepted")) -> Accepted | AI9: =IF(T9="",0,IF(T9="Interdit",0,VLOOKUP(F9,'CODE H VS CODE ICPE'!$A$2:$E$80,5,FALSE))) -> 99999.99 | AJ9: =IF(U9="",0,IF(U9="Interdit",0,VLOOKUP(G9,'CODE H VS CODE ICPE'!$A$2:$E$80,5,FALSE))) -> 99999.99 | AK9: =IF(V9="",0,IF(V9="Interdit",0,VLOOKUP(H9,'CODE H VS CODE ICPE'!$A$2:$E$80,5,FALSE))) -> 0 | AL9: =IF(W9="",0,IF(W9="Interdit",0,VLOOKUP(I9,'CODE H VS CODE ICPE'!$A$2:$E$80,5,FALSE))) -> 99999.99 | AM9: =IF(X9="",0,IF(X9="Interdit",0,VLOOKUP(J9,'CODE H VS CODE ICPE'!$A$2:$E$80,5,FALSE))) -> 99999.99 | AN9: =IF(Y9="",0,IF(Y9="Interdit",0,VLOOKUP(K9,'CODE H VS CODE ICPE'!$A$2:$E$80,5,FALSE))) -> 0 | AO9: =IF(Z9="",0,IF(Z9="Interdit",0,VLOOKUP(L9,'CODE H VS CODE ICPE'!$A$2:$E$80,5,FALSE))) -> 0 | AP9: =IF(AA9="",0,IF(AA9="Interdit",0,VLOOKUP(M9,'CODE H VS CODE ICPE'!$A$2:$E$80,5,FALSE))) -> 0 | ... AV9: =IF(AG9="",0,IF(AG9="Interdit",0,VLOOKUP(S9,'CODE H VS CODE ICPE'!$A$2:$E$80,5,FALSE))) -> 0 | AW9: =ADDRESS(2,MATCH(MAX(AI9:AV9),AI9:AV9,0)+COLUMN(AI9)-1) -> $AI$2 | AX9: =IF(AH9="Interdit","",IF(AW9="$AI$2",AI9,IF(AW9="$AJ$2",AJ9,IF(AW9="$AK$2",AK9,IF(AW9="$AL$2",AL9,IF(AW9="$AM$2",AM9,IF(AW9="$AN$2",AN9,IF(AW9="$AO$2",AO9,IF(AW9="$AP$2",AP9,IF(AW9="$AQ$2",AQ9,IF(AW9="$AR$2",AR9,IF(AW9="$AS$2",AS9,IF(AW9="$AT$2",AT9,IF(AW9="$AU$2",AU9,IF(AW9="$AV$2",AV9,""))))))))))))))) -> 99999.99 | AY9: =IF(AX9="","",IF(AW9="$AI$2",F9,IF(AW9="$AJ$2",G9,IF(AW9="$AK$2",H9,IF(AW9="$AL$2",I9,IF(AW9="$AM$2",J9,IF(AW9="$AN$2",K9,IF(AW9="$AO$2",L9,IF(AW9="$AP$2",M9,IF(AW9="$AQ$2",N9,IF(AW9="$AR$2",O9,IF(AW9="$AS$2",P9,IF(AW9="$AT$2",Q9,IF(AW9="$AU$2",R9,IF(AW9="$AV$2",S9,""))))))))))))))) -> H225 | AZ9: =IF(AY9="","",IF(AY9=0,"",VLOOKUP(AY9,'CODE H VS CODE ICPE'!$A$1:$E$80,3,FALSE))) -> 4331
A10: 1139 | B10: SOLUTION D'ENROBAGE (traitements de surface ou enrobages utilisés dans l'industrie ou à d'autres fins, tels que sous-couche pour carrosserie de véhicule, revêtement pour fûts et tonneaux) | C10: 3 | D10: F1 | E10: COATING SOLUTION (includes surface treatments or coatings used for industrial or other purposes such as vehicle under coating, drum or barrel lining) | F10: H225 | G10: H226 | T10: =IFERROR(VLOOKUP(F10,'CODE H VS CODE ICPE'!$A$2:$D$80,4,FALSE),"") -> Autorisé | U10: =IFERROR(VLOOKUP(G10,'CODE H VS CODE ICPE'!$A$2:$D$80,4,FALSE),"") -> Autorisé | V10: =IFERROR(VLOOKUP(H10,'CODE H VS CODE ICPE'!$A$2:$D$80,4,FALSE),"") | W10: =IFERROR(VLOOKUP(I10,'CODE H VS CODE ICPE'!$A$2:$D$80,4,FALSE),"") | X10: =IFERROR(VLOOKUP(J10,'CODE H VS CODE ICPE'!$A$2:$D$80,4,FALSE),"") | Y10: =IFERROR(VLOOKUP(K10,'CODE H VS CODE ICPE'!$A$2:$D$80,4,FALSE),"") | Z10: =IFERROR(VLOOKUP(L10,'CODE H VS CODE ICPE'!$A$2:$D$80,4,FALSE),"") | AA10: =IFERROR(VLOOKUP(M10,'CODE H VS CODE ICPE'!$A$2:$D$80,4,FALSE),"") | ... AG10: =IFERROR(VLOOKUP(S10,'CODE H VS CODE ICPE'!$A$2:$D$80,4,FALSE),"") | AH10: =IF(COUNTIF(T10:AG10, "Rejected") > 0, "Rejected", IF(COUNTIF(T10:AG10, "Under request") > 0, "Under request", "Accepted")) -> Accepted | AI10: =IF(T10="",0,IF(T10="Interdit",0,VLOOKUP(F10,'CODE H VS CODE ICPE'!$A$2:$E$80,5,FALSE))) -> 99999.99 | AJ10: =IF(U10="",0,IF(U10="Interdit",0,VLOOKUP(G10,'CODE H VS CODE ICPE'!$A$2:$E$80,5,FALSE))) -> 99999.99 | AK10: =IF(V10="",0,IF(V10="Interdit",0,VLOOKUP(H10,'CODE H VS CODE ICPE'!$A$2:$E$80,5,FALSE))) -> 0 | AL10: =IF(W10="",0,IF(W10="Interdit",0,VLOOKUP(I10,'CODE H VS CODE ICPE'!$A$2:$E$80,5,FALSE))) -> 0 | AM10: =IF(X10="",0,IF(X10="Interdit",0,VLOOKUP(J10,'CODE H VS CODE ICPE'!$A$2:$E$80,5,FALSE))) -> 0 | AN10: =IF(Y10="",0,IF(Y10="Interdit",0,VLOOKUP(K10,'CODE H VS CODE ICPE'!$A$2:$E$80,5,FALSE))) -> 0 | AO10: =IF(Z10="",0,IF(Z10="Interdit",0,VLOOKUP(L10,'CODE H VS CODE ICPE'!$A$2:$E$80,5,FALSE))) -> 0 | AP10: =IF(AA10="",0,IF(AA10="Interdit",0,VLOOKUP(M10,'CODE H VS CODE ICPE'!$A$2:$E$80,5,FALSE))) -> 0 | ... AV10: =IF(AG10="",0,IF(AG10="Interdit",0,VLOOKUP(S10,'CODE H VS CODE ICPE'!$A$2:$E$80,5,FALSE))) -> 0 | AW10: =ADDRESS(2,MATCH(MAX(AI10:AV10),AI10:AV10,0)+COLUMN(AI10)-1) -> $AI$2 | AX10: =IF(AH10="Interdit","",IF(AW10="$AI$2",AI10,IF(AW10="$AJ$2",AJ10,IF(AW10="$AK$2",AK10,IF(AW10="$AL$2",AL10,IF(AW10="$AM$2",AM10,IF(AW10="$AN$2",AN10,IF(AW10="$AO$2",AO10,IF(AW10="$AP$2",AP10,IF(AW10="$AQ$2",AQ10,IF(AW10="$AR$2",AR10,IF(AW10="$AS$2",AS10,IF(AW10="$AT$2",AT10,IF(AW10="$AU$2",AU10,IF(AW10="$AV$2",AV10,""))))))))))))))) -> 99999.99 | AY10: =IF(AX10="","",IF(AW10="$AI$2",F10,IF(AW10="$AJ$2",G10,IF(AW10="$AK$2",H10,IF(AW10="$AL$2",I10,IF(AW10="$AM$2",J10,IF(AW10="$AN$2",K10,IF(AW10="$AO$2",L10,IF(AW10="$AP$2",M10,IF(AW10="$AQ$2",N10,IF(AW10="$AR$2",O10,IF(AW10="$AS$2",P10,IF(AW10="$AT$2",Q10,IF(AW10="$AU$2",R10,IF(AW10="$AV$2",S10,""))))))))))))))) -> H225 | AZ10: =IF(AY10="","",IF(AY10=0,"",VLOOKUP(AY10,'CODE H VS CODE ICPE'!$A$1:$E$80,3,FALSE))) -> 4331
A11: 1146 | B11: CYCLOPENTANE | C11: 3 | D11: F1 | E11: CYCLOPENTANE | F11: H225 | G11: H412 | T11: =IFERROR(VLOOKUP(F11,'CODE H VS CODE ICPE'!$A$2:$D$80,4,FALSE),"") -> Autorisé | U11: =IFERROR(VLOOKUP(G11,'CODE H VS CODE ICPE'!$A$2:$D$80,4,FALSE),"") -> Autorisé | V11: =IFERROR(VLOOKUP(H11,'CODE H VS CODE ICPE'!$A$2:$D$80,4,FALSE),"") | W11: =IFERROR(VLOOKUP(I11,'CODE H VS CODE ICPE'!$A$2:$D$80,4,FALSE),"") | X11: =IFERROR(VLOOKUP(J11,'CODE H VS CODE ICPE'!$A$2:$D$80,4,FALSE),"") | Y11: =IFERROR(VLOOKUP(K11,'CODE H VS CODE ICPE'!$A$2:$D$80,4,FALSE),"") | Z11: =IFERROR(VLOOKUP(L11,'CODE H VS CODE ICPE'!$A$2:$D$80,4,FALSE),"") | AA11: =IFERROR(VLOOKUP(M11,'CODE H VS CODE ICPE'!$A$2:$D$80,4,FALSE),"") | ... AG11: =IFERROR(VLOOKUP(S11,'CODE H VS CODE ICPE'!$A$2:$D$80,4,FALSE),"") | AH11: =IF(COUNTIF(T11:AG11, "Rejected") > 0, "Rejected", IF(COUNTIF(T11:AG11, "Under request") > 0, "Under request", "Accepted")) -> Accepted | AI11: =IF(T11="",0,IF(T11="Interdit",0,VLOOKUP(F11,'CODE H VS CODE ICPE'!$A$2:$E$80,5,FALSE))) -> 99999.99 | AJ11: =IF(U11="",0,IF(U11="Interdit",0,VLOOKUP(G11,'CODE H VS CODE ICPE'!$A$2:$E$80,5,FALSE))) -> 99999.99 | AK11: =IF(V11="",0,IF(V11="Interdit",0,VLOOKUP(H11,'CODE H VS CODE ICPE'!$A$2:$E$80,5,FALSE))) -> 0 | AL11: =IF(W11="",0,IF(W11="Interdit",0,VLOOKUP(I11,'CODE H VS CODE ICPE'!$A$2:$E$80,5,FALSE))) -> 0 | AM11: =IF(X11="",0,IF(X11="Interdit",0,VLOOKUP(J11,'CODE H VS CODE ICPE'!$A$2:$E$80,5,FALSE))) -> 0 | AN11: =IF(Y11="",0,IF(Y11="Interdit",0,VLOOKUP(K11,'CODE H VS CODE ICPE'!$A$2:$E$80,5,FALSE))) -> 0 | AO11: =IF(Z11="",0,IF(Z11="Interdit",0,VLOOKUP(L11,'CODE H VS CODE ICPE'!$A$2:$E$80,5,FALSE))) -> 0 | AP11: =IF(AA11="",0,IF(AA11="Interdit",0,VLOOKUP(M11,'CODE H VS CODE ICPE'!$A$2:$E$80,5,FALSE))) -> 0 | ... AV11: =IF(AG11="",0,IF(AG11="Interdit",0,VLOOKUP(S11,'CODE H VS CODE ICPE'!$A$2:$E$80,5,FALSE))) -> 0 | AW11: =ADDRESS(2,MATCH(MAX(AI11:AV11),AI11:AV11,0)+COLUMN(AI11)-1) -> $AI$2 | AX11: =IF(AH11="Interdit","",IF(AW11="$AI$2",AI11,IF(AW11="$AJ$2",AJ11,IF(AW11="$AK$2",AK11,IF(AW11="$AL$2",AL11,IF(AW11="$AM$2",AM11,IF(AW11="$AN$2",AN11,IF(AW11="$AO$2",AO11,IF(AW11="$AP$2",AP11,IF(AW11="$AQ$2",AQ11,IF(AW11="$AR$2",AR11,IF(AW11="$AS$2",AS11,IF(AW11="$AT$2",AT11,IF(AW11="$AU$2",AU11,IF(AW11="$AV$2",AV11,""))))))))))))))) -> 99999.99 | AY11: =IF(AX11="","",IF(AW11="$AI$2",F11,IF(AW11="$AJ$2",G11,IF(AW11="$AK$2",H11,IF(AW11="$AL$2",I11,IF(AW11="$AM$2",J11,IF(AW11="$AN$2",K11,IF(AW11="$AO$2",L11,IF(AW11="$AP$2",M11,IF(AW11="$AQ$2",N11,IF(AW11="$AR$2",O11,IF(AW11="$AS$2",P11,IF(AW11="$AT$2",Q11,IF(AW11="$AU$2",R11,IF(AW11="$AV$2",S11,""))))))))))))))) -> H225 | AZ11: =IF(AY11="","",IF(AY11=0,"",VLOOKUP(AY11,'CODE H VS CODE ICPE'!$A$1:$E$80,3,FALSE))) -> 4331
A12: 1149 | B12: ÉTHERS BUTYLIQUES | C12: 3 | D12: F1 | E12: DIBUTYL ETHERS | F12: H225 | G12: H336 | T12: =IFERROR(VLOOKUP(F12,'CODE H VS CODE ICPE'!$A$2:$D$80,4,FALSE),"") -> Autorisé | U12: =IFERROR(VLOOKUP(G12,'CODE H VS CODE ICPE'!$A$2:$D$80,4,FALSE),"") -> Autorisé | V12: =IFERROR(VLOOKUP(H12,'CODE H VS CODE ICPE'!$A$2:$D$80,4,FALSE),"") | W12: =IFERROR(VLOOKUP(I12,'CODE H VS CODE ICPE'!$A$2:$D$80,4,FALSE),"") | X12: =IFERROR(VLOOKUP(J12,'CODE H VS CODE ICPE'!$A$2:$D$80,4,FALSE),"") | Y12: =IFERROR(VLOOKUP(K12,'CODE H VS CODE ICPE'!$A$2:$D$80,4,FALSE),"") | Z12: =IFERROR(VLOOKUP(L12,'CODE H VS CODE ICPE'!$A$2:$D$80,4,FALSE),"") | AA12: =IFERROR(VLOOKUP(M12,'CODE H VS CODE ICPE'!$A$2:$D$80,4,FALSE),"") | ... AG12: =IFERROR(VLOOKUP(S12,'CODE H VS CODE ICPE'!$A$2:$D$80,4,FALSE),"") | AH12: =IF(COUNTIF(T12:AG12, "Rejected") > 0, "Rejected", IF(COUNTIF(T12:AG12, "Under request") > 0, "Under request", "Accepted")) -> Accepted | AI12: =IF(T12="",0,IF(T12="Interdit",0,VLOOKUP(F12,'CODE H VS CODE ICPE'!$A$2:$E$80,5,FALSE))) -> 99999.99 | AJ12: =IF(U12="",0,IF(U12="Interdit",0,VLOOKUP(G12,'CODE H VS CODE ICPE'!$A$2:$E$80,5,FALSE))) -> 99999.99 | AK12: =IF(V12="",0,IF(V12="Interdit",0,VLOOKUP(H12,'CODE H VS CODE ICPE'!$A$2:$E$80,5,FALSE))) -> 0 | AL12: =IF(W12="",0,IF(W12="Interdit",0,VLOOKUP(I12,'CODE H VS CODE ICPE'!$A$2:$E$80,5,FALSE))) -> 0 | AM12: =IF(X12="",0,IF(X12="Interdit",0,VLOOKUP(J12,'CODE H VS CODE ICPE'!$A$2:$E$80,5,FALSE))) -> 0 | AN12: =IF(Y12="",0,IF(Y12="Interdit",0,VLOOKUP(K12,'CODE H VS CODE ICPE'!$A$2:$E$80,5,FALSE))) -> 0 | AO12: =IF(Z12="",0,IF(Z12="Interdit",0,VLOOKUP(L12,'CODE H VS CODE ICPE'!$A$2:$E$80,5,FALSE))) -> 0 | AP12: =IF(AA12="",0,IF(AA12="Interdit",0,VLOOKUP(M12,'CODE H VS CODE ICPE'!$A$2:$E$80,5,FALSE))) -> 0 | ... AV12: =IF(AG12="",0,IF(AG12="Interdit",0,VLOOKUP(S12,'CODE H VS CODE ICPE'!$A$2:$E$80,5,FALSE))) -> 0 | AW12: =ADDRESS(2,MATCH(MAX(AI12:AV12),AI12:AV12,0)+COLUMN(AI12)-1) -> $AI$2 | AX12: =IF(AH12="Interdit","",IF(AW12="$AI$2",AI12,IF(AW12="$AJ$2",AJ12,IF(AW12="$AK$2",AK12,IF(AW12="$AL$2",AL12,IF(AW12="$AM$2",AM12,IF(AW12="$AN$2",AN12,IF(AW12="$AO$2",AO12,IF(AW12="$AP$2",AP12,IF(AW12="$AQ$2",AQ12,IF(AW12="$AR$2",AR12,IF(AW12="$AS$2",AS12,IF(AW12="$AT$2",AT12,IF(AW12="$AU$2",AU12,IF(AW12="$AV$2",AV12,""))))))))))))))) -> 99999.99 | AY12: =IF(AX12="","",IF(AW12="$AI$2",F12,IF(AW12="$AJ$2",G12,IF(AW12="$AK$2",H12,IF(AW12="$AL$2",I12,IF(AW12="$AM$2",J12,IF(AW12="$AN$2",K12,IF(AW12="$AO$2",L12,IF(AW12="$AP$2",M12,IF(AW12="$AQ$2",N12,IF(AW12="$AR$2",O12,IF(AW12="$AS$2",P12,IF(AW12="$AT$2",Q12,IF(AW12="$AU$2",R12,IF(AW12="$AV$2",S12,""))))))))))))))) -> H225 | AZ12: =IF(AY12="","",IF(AY12=0,"",VLOOKUP(AY12,'CODE H VS CODE ICPE'!$A$1:$E$80,3,FALSE))) -> 4331
A13: 1156 | B13: DIÉTHYLCÉTONE | C13: 3 | D13: F1 | E13: DIETHYL KETONE | F13: H225 | G13: H319 | H13: H335 | I13: H336 | T13: =IFERROR(VLOOKUP(F13,'CODE H VS CODE ICPE'!$A$2:$D$80,4,FALSE),"") -> Autorisé | U13: =IFERROR(VLOOKUP(G13,'CODE H VS CODE ICPE'!$A$2:$D$80,4,FALSE),"") -> Autorisé | V13: =IFERROR(VLOOKUP(H13,'CODE H VS CODE ICPE'!$A$2:$D$80,4,FALSE),"") -> Autorisé | W13: =IFERROR(VLOOKUP(I13,'CODE H VS CODE ICPE'!$A$2:$D$80,4,FALSE),"") -> Autorisé | X13: =IFERROR(VLOOKUP(J13,'CODE H VS CODE ICPE'!$A$2:$D$80,4,FALSE),"") | Y13: =IFERROR(VLOOKUP(K13,'CODE H VS CODE ICPE'!$A$2:$D$80,4,FALSE),"") | Z13: =IFERROR(VLOOKUP(L13,'CODE H VS CODE ICPE'!$A$2:$D$80,4,FALSE),"") | AA13: =IFERROR(VLOOKUP(M13,'CODE H VS CODE ICPE'!$A$2:$D$80,4,FALSE),"") | ... AG13: =IFERROR(VLOOKUP(S13,'CODE H VS CODE ICPE'!$A$2:$D$80,4,FALSE),"") | AH13: =IF(COUNTIF(T13:AG13, "Rejected") > 0, "Rejected", IF(COUNTIF(T13:AG13, "Under request") > 0, "Under request", "Accepted")) -> Accepted | AI13: =IF(T13="",0,IF(T13="Interdit",0,VLOOKUP(F13,'CODE H VS CODE ICPE'!$A$2:$E$80,5,FALSE))) -> 99999.99 | AJ13: =IF(U13="",0,IF(U13="Interdit",0,VLOOKUP(G13,'CODE H VS CODE ICPE'!$A$2:$E$80,5,FALSE))) -> 99999.99 | AK13: =IF(V13="",0,IF(V13="Interdit",0,VLOOKUP(H13,'CODE H VS CODE ICPE'!$A$2:$E$80,5,FALSE))) -> 99999.99 | AL13: =IF(W13="",0,IF(W13="Interdit",0,VLOOKUP(I13,'CODE H VS CODE ICPE'!$A$2:$E$80,5,FALSE))) -> 99999.99 | AM13: =IF(X13="",0,IF(X13="Interdit",0,VLOOKUP(J13,'CODE H VS CODE ICPE'!$A$2:$E$80,5,FALSE))) -> 0 | AN13: =IF(Y13="",0,IF(Y13="Interdit",0,VLOOKUP(K13,'CODE H VS CODE ICPE'!$A$2:$E$80,5,FALSE))) -> 0 | AO13: =IF(Z13="",0,IF(Z13="Interdit",0,VLOOKUP(L13,'CODE H VS CODE ICPE'!$A$2:$E$80,5,FALSE))) -> 0 | AP13: =IF(AA13="",0,IF(AA13="Interdit",0,VLOOKUP(M13,'CODE H VS CODE ICPE'!$A$2:$E$80,5,FALSE))) -> 0 | ... AV13: =IF(AG13="",0,IF(AG13="Interdit",0,VLOOKUP(S13,'CODE H VS CODE ICPE'!$A$2:$E$80,5,FALSE))) -> 0 | AW13: =ADDRESS(2,MATCH(MAX(AI13:AV13),AI13:AV13,0)+COLUMN(AI13)-1) -> $AI$2 | AX13: =IF(AH13="Interdit","",IF(AW13="$AI$2",AI13,IF(AW13="$AJ$2",AJ13,IF(AW13="$AK$2",AK13,IF(AW13="$AL$2",AL13,IF(AW13="$AM$2",AM13,IF(AW13="$AN$2",AN13,IF(AW13="$AO$2",AO13,IF(AW13="$AP$2",AP13,IF(AW13="$AQ$2",AQ13,IF(AW13="$AR$2",AR13,IF(AW13="$AS$2",AS13,IF(AW13="$AT$2",AT13,IF(AW13="$AU$2",AU13,IF(AW13="$AV$2",AV13,""))))))))))))))) -> 99999.99 | AY13: =IF(AX13="","",IF(AW13="$AI$2",F13,IF(AW13="$AJ$2",G13,IF(AW13="$AK$2",H13,IF(AW13="$AL$2",I13,IF(AW13="$AM$2",J13,IF(AW13="$AN$2",K13,IF(AW13="$AO$2",L13,IF(AW13="$AP$2",M13,IF(AW13="$AQ$2",N13,IF(AW13="$AR$2",O13,IF(AW13="$AS$2",P13,IF(AW13="$AT$2",Q13,IF(AW13="$AU$2",R13,IF(AW13="$AV$2",S13,""))))))))))))))) -> H225 | AZ13: =IF(AY13="","",IF(AY13=0,"",VLOOKUP(AY13,'CODE H VS CODE ICPE'!$A$1:$E$80,3,FALSE))) -> 4331
A14: 1157 | B14: DIISOBUTYLCÉTONE | C14: 3 | D14: F1 | E14: DIISOBUTYL KETONE | F14: H226 | G14: H335 | T14: =IFERROR(VLOOKUP(F14,'CODE H VS CODE ICPE'!$A$2:$D$80,4,FALSE),"") -> Autorisé | U14: =IFERROR(VLOOKUP(G14,'CODE H VS CODE ICPE'!$A$2:$D$80,4,FALSE),"") -> Autorisé | V14: =IFERROR(VLOOKUP(H14,'CODE H VS CODE ICPE'!$A$2:$D$80,4,FALSE),"") | W14: =IFERROR(VLOOKUP(I14,'CODE H VS CODE ICPE'!$A$2:$D$80,4,FALSE),"") | X14: =IFERROR(VLOOKUP(J14,'CODE H VS CODE ICPE'!$A$2:$D$80,4,FALSE),"") | Y14: =IFERROR(VLOOKUP(K14,'CODE H VS CODE ICPE'!$A$2:$D$80,4,FALSE),"") | Z14: =IFERROR(VLOOKUP(L14,'CODE H VS CODE ICPE'!$A$2:$D$80,4,FALSE),"") | AA14: =IFERROR(VLOOKUP(M14,'CODE H VS CODE ICPE'!$A$2:$D$80,4,FALSE),"") | ... AG14: =IFERROR(VLOOKUP(S14,'CODE H VS CODE ICPE'!$A$2:$D$80,4,FALSE),"") | AH14: =IF(COUNTIF(T14:AG14, "Rejected") > 0, "Rejected", IF(COUNTIF(T14:AG14, "Under request") > 0, "Under request", "Accepted")) -> Accepted | AI14: =IF(T14="",0,IF(T14="Interdit",0,VLOOKUP(F14,'CODE H VS CODE ICPE'!$A$2:$E$80,5,FALSE))) -> 99999.99 | AJ14: =IF(U14="",0,IF(U14="Interdit",0,VLOOKUP(G14,'CODE H VS CODE ICPE'!$A$2:$E$80,5,FALSE))) -> 99999.99 | AK14: =IF(V14="",0,IF(V14="Interdit",0,VLOOKUP(H14,'CODE H VS CODE ICPE'!$A$2:$E$80,5,FALSE))) -> 0 | AL14: =IF(W14="",0,IF(W14="Interdit",0,VLOOKUP(I14,'CODE H VS CODE ICPE'!$A$2:$E$80,5,FALSE))) -> 0 | AM14: =IF(X14="",0,IF(X14="Interdit",0,VLOOKUP(J14,'CODE H VS CODE ICPE'!$A$2:$E$80,5,FALSE))) -> 0 | AN14: =IF(Y14="",0,IF(Y14="Interdit",0,VLOOKUP(K14,'CODE H VS CODE ICPE'!$A$2:$E$80,5,FALSE))) -> 0 | AO14: =IF(Z14="",0,IF(Z14="Interdit",0,VLOOKUP(L14,'CODE H VS CODE ICPE'!$A$2:$E$80,5,FALSE))) -> 0 | AP14: =IF(AA14="",0,IF(AA14="Interdit",0,VLOOKUP(M14,'CODE H VS CODE ICPE'!$A$2:$E$80,5,FALSE))) -> 0 | ... AV14: =IF(AG14="",0,IF(AG14="Interdit",0,VLOOKUP(S14,'CODE H VS CODE ICPE'!$A$2:$E$80,5,FALSE))) -> 0 | AW14: =ADDRESS(2,MATCH(MAX(AI14:AV14),AI14:AV14,0)+COLUMN(AI14)-1) -> $AI$2 | AX14: =IF(AH14="Interdit","",IF(AW14="$AI$2",AI14,IF(AW14="$AJ$2",AJ14,IF(AW14="$AK$2",AK14,IF(AW14="$AL$2",AL14,IF(AW14="$AM$2",AM14,IF(AW14="$AN$2",AN14,IF(AW14="$AO$2",AO14,IF(AW14="$AP$2",AP14,IF(AW14="$AQ$2",AQ14,IF(AW14="$AR$2",AR14,IF(AW14="$AS$2",AS14,IF(AW14="$AT$2",AT14,IF(AW14="$AU$2",AU14,IF(AW14="$AV$2",AV14,""))))))))))))))) -> 99999.99 | AY14: =IF(AX14="","",IF(AW14="$AI$2",F14,IF(AW14="$AJ$2",G14,IF(AW14="$AK$2",H14,IF(AW14="$AL$2",I14,IF(AW14="$AM$2",J14,IF(AW14="$AN$2",K14,IF(AW14="$AO$2",L14,IF(AW14="$AP$2",M14,IF(AW14="$AQ$2",N14,IF(AW14="$AR$2",O14,IF(AW14="$AS$2",P14,IF(AW14="$AT$2",Q14,IF(AW14="$AU$2",R14,IF(AW14="$AV$2",S14,""))))))))))))))) -> H226 | AZ14: =IF(AY14="","",IF(AY14=0,"",VLOOKUP(AY14,'CODE H VS CODE ICPE'!$A$1:$E$80,3,FALSE))) -> 4331
A15: 1158 | B15: DIISOPROPYLAMINE | C15: 3 | D15: FC | E15: DIISOPROPYLAMINE | F15: H225 | G15: H302 | H15: H314 | I15: H331 | J15: H335 | K15: H412 | T15: =IFERROR(VLOOKUP(F15,'CODE H VS CODE ICPE'!$A$2:$D$80,4,FALSE),"") -> Autorisé | U15: =IFERROR(VLOOKUP(G15,'CODE H VS CODE ICPE'!$A$2:$D$80,4,FALSE),"") -> Autorisé | V15: =IFERROR(VLOOKUP(H15,'CODE H VS CODE ICPE'!$A$2:$D$80,4,FALSE),"") -> Autorisé | W15: =IFERROR(VLOOKUP(I15,'CODE H VS CODE ICPE'!$A$2:$D$80,4,FALSE),"") -> Autorisé | X15: =IFERROR(VLOOKUP(J15,'CODE H VS CODE ICPE'!$A$2:$D$80,4,FALSE),"") -> Autorisé | Y15: =IFERROR(VLOOKUP(K15,'CODE H VS CODE ICPE'!$A$2:$D$80,4,FALSE),"") -> Autorisé | Z15: =IFERROR(VLOOKUP(L15,'CODE H VS CODE ICPE'!$A$2:$D$80,4,FALSE),"") | AA15: =IFERROR(VLOOKUP(M15,'CODE H VS CODE ICPE'!$A$2:$D$80,4,FALSE),"") | ... AG15: =IFERROR(VLOOKUP(S15,'CODE H VS CODE ICPE'!$A$2:$D$80,4,FALSE),"") | AH15: =IF(COUNTIF(T15:AG15, "Rejected") > 0, "Rejected", IF(COUNTIF(T15:AG15, "Under request") > 0, "Under request", "Accepted")) -> Accepted | AI15: =IF(T15="",0,IF(T15="Interdit",0,VLOOKUP(F15,'CODE H VS CODE ICPE'!$A$2:$E$80,5,FALSE))) -> 99999.99 | AJ15: =IF(U15="",0,IF(U15="Interdit",0,VLOOKUP(G15,'CODE H VS CODE ICPE'!$A$2:$E$80,5,FALSE))) -> 99999.99 | AK15: =IF(V15="",0,IF(V15="Interdit",0,VLOOKUP(H15,'CODE H VS CODE ICPE'!$A$2:$E$80,5,FALSE))) -> 149999.99 | AL15: =IF(W15="",0,IF(W15="Interdit",0,VLOOKUP(I15,'CODE H VS CODE ICPE'!$A$2:$E$80,5,FALSE))) -> 99999.99 | AM15: =IF(X15="",0,IF(X15="Interdit",0,VLOOKUP(J15,'CODE H VS CODE ICPE'!$A$2:$E$80,5,FALSE))) -> 99999.99 | AN15: =IF(Y15="",0,IF(Y15="Interdit",0,VLOOKUP(K15,'CODE H VS CODE ICPE'!$A$2:$E$80,5,FALSE))) -> 99999.99 | AO15: =IF(Z15="",0,IF(Z15="Interdit",0,VLOOKUP(L15,'CODE H VS CODE ICPE'!$A$2:$E$80,5,FALSE))) -> 0 | AP15: =IF(AA15="",0,IF(AA15="Interdit",0,VLOOKUP(M15,'CODE H VS CODE ICPE'!$A$2:$E$80,5,FALSE))) -> 0 | ... AV15: =IF(AG15="",0,IF(AG15="Interdit",0,VLOOKUP(S15,'CODE H VS CODE ICPE'!$A$2:$E$80,5,FALSE))) -> 0 | AW15: =ADDRESS(2,MATCH(MAX(AI15:AV15),AI15:AV15,0)+COLUMN(AI15)-1) -> $AK$2 | AX15: =IF(AH15="Interdit","",IF(AW15="$AI$2",AI15,IF(AW15="$AJ$2",AJ15,IF(AW15="$AK$2",AK15,IF(AW15="$AL$2",AL15,IF(AW15="$AM$2",AM15,IF(AW15="$AN$2",AN15,IF(AW15="$AO$2",AO15,IF(AW15="$AP$2",AP15,IF(AW15="$AQ$2",AQ15,IF(AW15="$AR$2",AR15,IF(AW15="$AS$2",AS15,IF(AW15="$AT$2",AT15,IF(AW15="$AU$2",AU15,IF(AW15="$AV$2",AV15,""))))))))))))))) -> 149999.99 | AY15: =IF(AX15="","",IF(AW15="$AI$2",F15,IF(AW15="$AJ$2",G15,IF(AW15="$AK$2",H15,IF(AW15="$AL$2",I15,IF(AW15="$AM$2",J15,IF(AW15="$AN$2",K15,IF(AW15="$AO$2",L15,IF(AW15="$AP$2",M15,IF(AW15="$AQ$2",N15,IF(AW15="$AR$2",O15,IF(AW15="$AS$2",P15,IF(AW15="$AT$2",Q15,IF(AW15="$AU$2",R15,IF(AW15="$AV$2",S15,""))))))))))))))) -> H314 | AZ15: =IF(AY15="","",IF(AY15=0,"",VLOOKUP(AY15,'CODE H VS CODE ICPE'!$A$1:$E$80,3,FALSE))) -> 4320
A16: 1159 | B16: ÉTHER ISOPROPYLIQUE | C16: 3 | D16: F1 | E16: DIISOPROPYL ETHER | F16: H225 | G16: H336 | T16: =IFERROR(VLOOKUP(F16,'CODE H VS CODE ICPE'!$A$2:$D$80,4,FALSE),"") -> Autorisé | U16: =IFERROR(VLOOKUP(G16,'CODE H VS CODE ICPE'!$A$2:$D$80,4,FALSE),"") -> Autorisé | V16: =IFERROR(VLOOKUP(H16,'CODE H VS CODE ICPE'!$A$2:$D$80,4,FALSE),"") | W16: =IFERROR(VLOOKUP(I16,'CODE H VS CODE ICPE'!$A$2:$D$80,4,FALSE),"") | X16: =IFERROR(VLOOKUP(J16,'CODE H VS CODE ICPE'!$A$2:$D$80,4,FALSE),"") | Y16: =IFERROR(VLOOKUP(K16,'CODE H VS CODE ICPE'!$A$2:$D$80,4,FALSE),"") | Z16: =IFERROR(VLOOKUP(L16,'CODE H VS CODE ICPE'!$A$2:$D$80,4,FALSE),"") | AA16: =IFERROR(VLOOKUP(M16,'CODE H VS CODE ICPE'!$A$2:$D$80,4,FALSE),"") | ... AG16: =IFERROR(VLOOKUP(S16,'CODE H VS CODE ICPE'!$A$2:$D$80,4,FALSE),"") | AH16: =IF(COUNTIF(T16:AG16, "Rejected") > 0, "Rejected", IF(COUNTIF(T16:AG16, "Under request") > 0, "Under request", "Accepted")) -> Accepted | AI16: =IF(T16="",0,IF(T16="Interdit",0,VLOOKUP(F16,'CODE H VS CODE ICPE'!$A$2:$E$80,5,FALSE))) -> 99999.99 | AJ16: =IF(U16="",0,IF(U16="Interdit",0,VLOOKUP(G16,'CODE H VS CODE ICPE'!$A$2:$E$80,5,FALSE))) -> 99999.99 | AK16: =IF(V16="",0,IF(V16="Interdit",0,VLOOKUP(H16,'CODE H VS CODE ICPE'!$A$2:$E$80,5,FALSE))) -> 0 | AL16: =IF(W16="",0,IF(W16="Interdit",0,VLOOKUP(I16,'CODE H VS CODE ICPE'!$A$2:$E$80,5,FALSE))) -> 0 | AM16: =IF(X16="",0,IF(X16="Interdit",0,VLOOKUP(J16,'CODE H VS CODE ICPE'!$A$2:$E$80,5,FALSE))) -> 0 | AN16: =IF(Y16="",0,IF(Y16="Interdit",0,VLOOKUP(K16,'CODE H VS CODE ICPE'!$A$2:$E$80,5,FALSE))) -> 0 | AO16: =IF(Z16="",0,IF(Z16="Interdit",0,VLOOKUP(L16,'CODE H VS CODE ICPE'!$A$2:$E$80,5,FALSE))) -> 0 | AP16: =IF(AA16="",0,IF(AA16="Interdit",0,VLOOKUP(M16,'CODE H VS CODE ICPE'!$A$2:$E$80,5,FALSE))) -> 0 | ... AV16: =IF(AG16="",0,IF(AG16="Interdit",0,VLOOKUP(S16,'CODE H VS CODE ICPE'!$A$2:$E$80,5,FALSE))) -> 0 | AW16: =ADDRESS(2,MATCH(MAX(AI16:AV16),AI16:AV16,0)+COLUMN(AI16)-1) -> $AI$2 | AX16: =IF(AH16="Interdit","",IF(AW16="$AI$2",AI16,IF(AW16="$AJ$2",AJ16,IF(AW16="$AK$2",AK16,IF(AW16="$AL$2",AL16,IF(AW16="$AM$2",AM16,IF(AW16="$AN$2",AN16,IF(AW16="$AO$2",AO16,IF(AW16="$AP$2",AP16,IF(AW16="$AQ$2",AQ16,IF(AW16="$AR$2",AR16,IF(AW16="$AS$2",AS16,IF(AW16="$AT$2",AT16,IF(AW16="$AU$2",AU16,IF(AW16="$AV$2",AV16,""))))))))))))))) -> 99999.99 | AY16: =IF(AX16="","",IF(AW16="$AI$2",F16,IF(AW16="$AJ$2",G16,IF(AW16="$AK$2",H16,IF(AW16="$AL$2",I16,IF(AW16="$AM$2",J16,IF(AW16="$AN$2",K16,IF(AW16="$AO$2",L16,IF(AW16="$AP$2",M16,IF(AW16="$AQ$2",N16,IF(AW16="$AR$2",O16,IF(AW16="$AS$2",P16,IF(AW16="$AT$2",Q16,IF(AW16="$AU$2",R16,IF(AW16="$AV$2",S16,""))))))))))))))) -> H225 | AZ16: =IF(AY16="","",IF(AY16=0,"",VLOOKUP(AY16,'CODE H VS CODE ICPE'!$A$1:$E$80,3,FALSE))) -> 4331
A17: 1160 | B17: DIMÉTHYLAMINE EN SOLUTION AQUEUSE | C17: 3 | D17: FC | E17: DIMETHYLAMINE AQUEOUS SOLUTION | F17: H225 | G17: H302 | H17: H314 | I17: H335 | J17: H412 | T17: =IFERROR(VLOOKUP(F17,'CODE H VS CODE ICPE'!$A$2:$D$80,4,FALSE),"") -> Autorisé | U17: =IFERROR(VLOOKUP(G17,'CODE H VS CODE ICPE'!$A$2:$D$80,4,FALSE),"") -> Autorisé | V17: =IFERROR(VLOOKUP(H17,'CODE H VS CODE ICPE'!$A$2:$D$80,4,FALSE),"") -> Autorisé | W17: =IFERROR(VLOOKUP(I17,'CODE H VS CODE ICPE'!$A$2:$D$80,4,FALSE),"") -> Autorisé | X17: =IFERROR(VLOOKUP(J17,'CODE H VS CODE ICPE'!$A$2:$D$80,4,FALSE),"") -> Autorisé | Y17: =IFERROR(VLOOKUP(K17,'CODE H VS CODE ICPE'!$A$2:$D$80,4,FALSE),"") | Z17: =IFERROR(VLOOKUP(L17,'CODE H VS CODE ICPE'!$A$2:$D$80,4,FALSE),"") | AA17: =IFERROR(VLOOKUP(M17,'CODE H VS CODE ICPE'!$A$2:$D$80,4,FALSE),"") | ... AG17: =IFERROR(VLOOKUP(S17,'CODE H VS CODE ICPE'!$A$2:$D$80,4,FALSE),"") | AH17: =IF(COUNTIF(T17:AG17, "Rejected") > 0, "Rejected", IF(COUNTIF(T17:AG17, "Under request") > 0, "Under request", "Accepted")) -> Accepted | AI17: =IF(T17="",0,IF(T17="Interdit",0,VLOOKUP(F17,'CODE H VS CODE ICPE'!$A$2:$E$80,5,FALSE))) -> 99999.99 | AJ17: =IF(U17="",0,IF(U17="Interdit",0,VLOOKUP(G17,'CODE H VS CODE ICPE'!$A$2:$E$80,5,FALSE))) -> 99999.99 | AK17: =IF(V17="",0,IF(V17="Interdit",0,VLOOKUP(H17,'CODE H VS CODE ICPE'!$A$2:$E$80,5,FALSE))) -> 149999.99 | AL17: =IF(W17="",0,IF(W17="Interdit",0,VLOOKUP(I17,'CODE H VS CODE ICPE'!$A$2:$E$80,5,FALSE))) -> 99999.99 | AM17: =IF(X17="",0,IF(X17="Interdit",0,VLOOKUP(J17,'CODE H VS CODE ICPE'!$A$2:$E$80,5,FALSE))) -> 99999.99 | AN17: =IF(Y17="",0,IF(Y17="Interdit",0,VLOOKUP(K17,'CODE H VS CODE ICPE'!$A$2:$E$80,5,FALSE))) -> 0 | AO17: =IF(Z17="",0,IF(Z17="Interdit",0,VLOOKUP(L17,'CODE H VS CODE ICPE'!$A$2:$E$80,5,FALSE))) -> 0 | AP17: =IF(AA17="",0,IF(AA17="Interdit",0,VLOOKUP(M17,'CODE H VS CODE ICPE'!$A$2:$E$80,5,FALSE))) -> 0 | ... AV17: =IF(AG17="",0,IF(AG17="Interdit",0,VLOOKUP(S17,'CODE H VS CODE ICPE'!$A$2:$E$80,5,FALSE))) -> 0 | AW17: =ADDRESS(2,MATCH(MAX(AI17:AV17),AI17:AV17,0)+COLUMN(AI17)-1) -> $AK$2 | AX17: =IF(AH17="Interdit","",IF(AW17="$AI$2",AI17,IF(AW17="$AJ$2",AJ17,IF(AW17="$AK$2",AK17,IF(AW17="$AL$2",AL17,IF(AW17="$AM$2",AM17,IF(AW17="$AN$2",AN17,IF(AW17="$AO$2",AO17,IF(AW17="$AP$2",AP17,IF(AW17="$AQ$2",AQ17,IF(AW17="$AR$2",AR17,IF(AW17="$AS$2",AS17,IF(AW17="$AT$2",AT17,IF(AW17="$AU$2",AU17,IF(AW17="$AV$2",AV17,""))))))))))))))) -> 149999.99 | AY17: =IF(AX17="","",IF(AW17="$AI$2",F17,IF(AW17="$AJ$2",G17,IF(AW17="$AK$2",H17,IF(AW17="$AL$2",I17,IF(AW17="$AM$2",J17,IF(AW17="$AN$2",K17,IF(AW17="$AO$2",L17,IF(AW17="$AP$2",M17,IF(AW17="$AQ$2",N17,IF(AW17="$AR$2",O17,IF(AW17="$AS$2",P17,IF(AW17="$AT$2",Q17,IF(AW17="$AU$2",R17,IF(AW17="$AV$2",S17,""))))))))))))))) -> H314 | AZ17: =IF(AY17="","",IF(AY17=0,"",VLOOKUP(AY17,'CODE H VS CODE ICPE'!$A$1:$E$80,3,FALSE))) -> 4320
A18: 1161 | B18: CARBONATE DE MÉTHYLE | C18: 3 | D18: F1 | E18: DIMETHYL CARBONATE | F18: H225 | T18: =IFERROR(VLOOKUP(F18,'CODE H VS CODE ICPE'!$A$2:$D$80,4,FALSE),"") -> Autorisé | U18: =IFERROR(VLOOKUP(G18,'CODE H VS CODE ICPE'!$A$2:$D$80,4,FALSE),"") | V18: =IFERROR(VLOOKUP(H18,'CODE H VS CODE ICPE'!$A$2:$D$80,4,FALSE),"") | W18: =IFERROR(VLOOKUP(I18,'CODE H VS CODE ICPE'!$A$2:$D$80,4,FALSE),"") | X18: =IFERROR(VLOOKUP(J18,'CODE H VS CODE ICPE'!$A$2:$D$80,4,FALSE),"") | Y18: =IFERROR(VLOOKUP(K18,'CODE H VS CODE ICPE'!$A$2:$D$80,4,FALSE),"") | Z18: =IFERROR(VLOOKUP(L18,'CODE H VS CODE ICPE'!$A$2:$D$80,4,FALSE),"") | AA18: =IFERROR(VLOOKUP(M18,'CODE H VS CODE ICPE'!$A$2:$D$80,4,FALSE),"") | ... AG18: =IFERROR(VLOOKUP(S18,'CODE H VS CODE ICPE'!$A$2:$D$80,4,FALSE),"") | AH18: =IF(COUNTIF(T18:AG18, "Rejected") > 0, "Rejected", IF(COUNTIF(T18:AG18, "Under request") > 0, "Under request", "Accepted")) -> Accepted | AI18: =IF(T18="",0,IF(T18="Interdit",0,VLOOKUP(F18,'CODE H VS CODE ICPE'!$A$2:$E$80,5,FALSE))) -> 99999.99 | AJ18: =IF(U18="",0,IF(U18="Interdit",0,VLOOKUP(G18,'CODE H VS CODE ICPE'!$A$2:$E$80,5,FALSE))) -> 0 | AK18: =IF(V18="",0,IF(V18="Interdit",0,VLOOKUP(H18,'CODE H VS CODE ICPE'!$A$2:$E$80,5,FALSE))) -> 0 | AL18: =IF(W18="",0,IF(W18="Interdit",0,VLOOKUP(I18,'CODE H VS CODE ICPE'!$A$2:$E$80,5,FALSE))) -> 0 | AM18: =IF(X18="",0,IF(X18="Interdit",0,VLOOKUP(J18,'CODE H VS CODE ICPE'!$A$2:$E$80,5,FALSE))) -> 0 | AN18: =IF(Y18="",0,IF(Y18="Interdit",0,VLOOKUP(K18,'CODE H VS CODE ICPE'!$A$2:$E$80,5,FALSE))) -> 0 | AO18: =IF(Z18="",0,IF(Z18="Interdit",0,VLOOKUP(L18,'CODE H VS CODE ICPE'!$A$2:$E$80,5,FALSE))) -> 0 | AP18: =IF(AA18="",0,IF(AA18="Interdit",0,VLOOKUP(M18,'CODE H VS CODE ICPE'!$A$2:$E$80,5,FALSE))) -> 0 | ... AV18: =IF(AG18="",0,IF(AG18="Interdit",0,VLOOKUP(S18,'CODE H VS CODE ICPE'!$A$2:$E$80,5,FALSE))) -> 0 | AW18: =ADDRESS(2,MATCH(MAX(AI18:AV18),AI18:AV18,0)+COLUMN(AI18)-1) -> $AI$2 | AX18: =IF(AH18="Interdit","",IF(AW18="$AI$2",AI18,IF(AW18="$AJ$2",AJ18,IF(AW18="$AK$2",AK18,IF(AW18="$AL$2",AL18,IF(AW18="$AM$2",AM18,IF(AW18="$AN$2",AN18,IF(AW18="$AO$2",AO18,IF(AW18="$AP$2",AP18,IF(AW18="$AQ$2",AQ18,IF(AW18="$AR$2",AR18,IF(AW18="$AS$2",AS18,IF(AW18="$AT$2",AT18,IF(AW18="$AU$2",AU18,IF(AW18="$AV$2",AV18,""))))))))))))))) -> 99999.99 | AY18: =IF(AX18="","",IF(AW18="$AI$2",F18,IF(AW18="$AJ$2",G18,IF(AW18="$AK$2",H18,IF(AW18="$AL$2",I18,IF(AW18="$AM$2",J18,IF(AW18="$AN$2",K18,IF(AW18="$AO$2",L18,IF(AW18="$AP$2",M18,IF(AW18="$AQ$2",N18,IF(AW18="$AR$2",O18,IF(AW18="$AS$2",P18,IF(AW18="$AT$2",Q18,IF(AW18="$AU$2",R18,IF(AW18="$AV$2",S18,""))))))))))))))) -> H225 | AZ18: =IF(AY18="","",IF(AY18=0,"",VLOOKUP(AY18,'CODE H VS CODE ICPE'!$A$1:$E$80,3,FALSE))) -> 4331
A19: 1164 | B19: SULFURE DE MÉTHYLE | C19: 3 | D19: F1 | E19: DIMETHYL SULPHIDE | F19: H225 | G19: H319 | T19: =IFERROR(VLOOKUP(F19,'CODE H VS CODE ICPE'!$A$2:$D$80,4,FALSE),"") -> Autorisé | U19: =IFERROR(VLOOKUP(G19,'CODE H VS CODE ICPE'!$A$2:$D$80,4,FALSE),"") -> Autorisé | V19: =IFERROR(VLOOKUP(H19,'CODE H VS CODE ICPE'!$A$2:$D$80,4,FALSE),"") | W19: =IFERROR(VLOOKUP(I19,'CODE H VS CODE ICPE'!$A$2:$D$80,4,FALSE),"") | X19: =IFERROR(VLOOKUP(J19,'CODE H VS CODE ICPE'!$A$2:$D$80,4,FALSE),"") | Y19: =IFERROR(VLOOKUP(K19,'CODE H VS CODE ICPE'!$A$2:$D$80,4,FALSE),"") | Z19: =IFERROR(VLOOKUP(L19,'CODE H VS CODE ICPE'!$A$2:$D$80,4,FALSE),"") | AA19: =IFERROR(VLOOKUP(M19,'CODE H VS CODE ICPE'!$A$2:$D$80,4,FALSE),"") | ... AG19: =IFERROR(VLOOKUP(S19,'CODE H VS CODE ICPE'!$A$2:$D$80,4,FALSE),"") | AH19: =IF(COUNTIF(T19:AG19, "Rejected") > 0, "Rejected", IF(COUNTIF(T19:AG19, "Under request") > 0, "Under request", "Accepted")) -> Accepted | AI19: =IF(T19="",0,IF(T19="Interdit",0,VLOOKUP(F19,'CODE H VS CODE ICPE'!$A$2:$E$80,5,FALSE))) -> 99999.99 | AJ19: =IF(U19="",0,IF(U19="Interdit",0,VLOOKUP(G19,'CODE H VS CODE ICPE'!$A$2:$E$80,5,FALSE))) -> 99999.99 | AK19: =IF(V19="",0,IF(V19="Interdit",0,VLOOKUP(H19,'CODE H VS CODE ICPE'!$A$2:$E$80,5,FALSE))) -> 0 | AL19: =IF(W19="",0,IF(W19="Interdit",0,VLOOKUP(I19,'CODE H VS CODE ICPE'!$A$2:$E$80,5,FALSE))) -> 0 | AM19: =IF(X19="",0,IF(X19="Interdit",0,VLOOKUP(J19,'CODE H VS CODE ICPE'!$A$2:$E$80,5,FALSE))) -> 0 | AN19: =IF(Y19="",0,IF(Y19="Interdit",0,VLOOKUP(K19,'CODE H VS CODE ICPE'!$A$2:$E$80,5,FALSE))) -> 0 | AO19: =IF(Z19="",0,IF(Z19="Interdit",0,VLOOKUP(L19,'CODE H VS CODE ICPE'!$A$2:$E$80,5,FALSE))) -> 0 | AP19: =IF(AA19="",0,IF(AA19="Interdit",0,VLOOKUP(M19,'CODE H VS CODE ICPE'!$A$2:$E$80,5,FALSE))) -> 0 | ... AV19: =IF(AG19="",0,IF(AG19="Interdit",0,VLOOKUP(S19,'CODE H VS CODE ICPE'!$A$2:$E$80,5,FALSE))) -> 0 | AW19: =ADDRESS(2,MATCH(MAX(AI19:AV19),AI19:AV19,0)+COLUMN(AI19)-1) -> $AI$2 | AX19: =IF(AH19="Interdit","",IF(AW19="$AI$2",AI19,IF(AW19="$AJ$2",AJ19,IF(AW19="$AK$2",AK19,IF(AW19="$AL$2",AL19,IF(AW19="$AM$2",AM19,IF(AW19="$AN$2",AN19,IF(AW19="$AO$2",AO19,IF(AW19="$AP$2",AP19,IF(AW19="$AQ$2",AQ19,IF(AW19="$AR$2",AR19,IF(AW19="$AS$2",AS19,IF(AW19="$AT$2",AT19,IF(AW19="$AU$2",AU19,IF(AW19="$AV$2",AV19,""))))))))))))))) -> 99999.99 | AY19: =IF(AX19="","",IF(AW19="$AI$2",F19,IF(AW19="$AJ$2",G19,IF(AW19="$AK$2",H19,IF(AW19="$AL$2",I19,IF(AW19="$AM$2",J19,IF(AW19="$AN$2",K19,IF(AW19="$AO$2",L19,IF(AW19="$AP$2",M19,IF(AW19="$AQ$2",N19,IF(AW19="$AR$2",O19,IF(AW19="$AS$2",P19,IF(AW19="$AT$2",Q19,IF(AW19="$AU$2",R19,IF(AW19="$AV$2",S19,""))))))))))))))) -> H225 | AZ19: =IF(AY19="","",IF(AY19=0,"",VLOOKUP(AY19,'CODE H VS CODE ICPE'!$A$1:$E$80,3,FALSE))) -> 4331
A20: 1166 | B20: DIOXOLANNE | C20: 3 | D20: F1 | E20: DIOXOLANE | F20: H225 | T20: =IFERROR(VLOOKUP(F20,'CODE H VS CODE ICPE'!$A$2:$D$80,4,FALSE),"") -> Autorisé | U20: =IFERROR(VLOOKUP(G20,'CODE H VS CODE ICPE'!$A$2:$D$80,4,FALSE),"") | V20: =IFERROR(VLOOKUP(H20,'CODE H VS CODE ICPE'!$A$2:$D$80,4,FALSE),"") | W20: =IFERROR(VLOOKUP(I20,'CODE H VS CODE ICPE'!$A$2:$D$80,4,FALSE),"") | X20: =IFERROR(VLOOKUP(J20,'CODE H VS CODE ICPE'!$A$2:$D$80,4,FALSE),"") | Y20: =IFERROR(VLOOKUP(K20,'CODE H VS CODE ICPE'!$A$2:$D$80,4,FALSE),"") | Z20: =IFERROR(VLOOKUP(L20,'CODE H VS CODE ICPE'!$A$2:$D$80,4,FALSE),"") | AA20: =IFERROR(VLOOKUP(M20,'CODE H VS CODE ICPE'!$A$2:$D$80,4,FALSE),"") | ... AG20: =IFERROR(VLOOKUP(S20,'CODE H VS CODE ICPE'!$A$2:$D$80,4,FALSE),"") | AH20: =IF(COUNTIF(T20:AG20, "Rejected") > 0, "Rejected", IF(COUNTIF(T20:AG20, "Under request") > 0, "Under request", "Accepted")) -> Accepted | AI20: =IF(T20="",0,IF(T20="Interdit",0,VLOOKUP(F20,'CODE H VS CODE ICPE'!$A$2:$E$80,5,FALSE))) -> 99999.99 | AJ20: =IF(U20="",0,IF(U20="Interdit",0,VLOOKUP(G20,'CODE H VS CODE ICPE'!$A$2:$E$80,5,FALSE))) -> 0 | AK20: =IF(V20="",0,IF(V20="Interdit",0,VLOOKUP(H20,'CODE H VS CODE ICPE'!$A$2:$E$80,5,FALSE))) -> 0 | AL20: =IF(W20="",0,IF(W20="Interdit",0,VLOOKUP(I20,'CODE H VS CODE ICPE'!$A$2:$E$80,5,FALSE))) -> 0 | AM20: =IF(X20="",0,IF(X20="Interdit",0,VLOOKUP(J20,'CODE H VS CODE ICPE'!$A$2:$E$80,5,FALSE))) -> 0 | AN20: =IF(Y20="",0,IF(Y20="Interdit",0,VLOOKUP(K20,'CODE H VS CODE ICPE'!$A$2:$E$80,5,FALSE))) -> 0 | AO20: =IF(Z20="",0,IF(Z20="Interdit",0,VLOOKUP(L20,'CODE H VS CODE ICPE'!$A$2:$E$80,5,FALSE))) -> 0 | AP20: =IF(AA20="",0,IF(AA20="Interdit",0,VLOOKUP(M20,'CODE H VS CODE ICPE'!$A$2:$E$80,5,FALSE))) -> 0 | ... AV20: =IF(AG20="",0,IF(AG20="Interdit",0,VLOOKUP(S20,'CODE H VS CODE ICPE'!$A$2:$E$80,5,FALSE))) -> 0 | AW20: =ADDRESS(2,MATCH(MAX(AI20:AV20),AI20:AV20,0)+COLUMN(AI20)-1) -> $AI$2 | AX20: =IF(AH20="Interdit","",IF(AW20="$AI$2",AI20,IF(AW20="$AJ$2",AJ20,IF(AW20="$AK$2",AK20,IF(AW20="$AL$2",AL20,IF(AW20="$AM$2",AM20,IF(AW20="$AN$2",AN20,IF(AW20="$AO$2",AO20,IF(AW20="$AP$2",AP20,IF(AW20="$AQ$2",AQ20,IF(AW20="$AR$2",AR20,IF(AW20="$AS$2",AS20,IF(AW20="$AT$2",AT20,IF(AW20="$AU$2",AU20,IF(AW20="$AV$2",AV20,""))))))))))))))) -> 99999.99 | AY20: =IF(AX20="","",IF(AW20="$AI$2",F20,IF(AW20="$AJ$2",G20,IF(AW20="$AK$2",H20,IF(AW20="$AL$2",I20,IF(AW20="$AM$2",J20,IF(AW20="$AN$2",K20,IF(AW20="$AO$2",L20,IF(AW20="$AP$2",M20,IF(AW20="$AQ$2",N20,IF(AW20="$AR$2",O20,IF(AW20="$AS$2",P20,IF(AW20="$AT$2",Q20,IF(AW20="$AU$2",R20,IF(AW20="$AV$2",S20,""))))))))))))))) -> H225 | AZ20: =IF(AY20="","",IF(AY20=0,"",VLOOKUP(AY20,'CODE H VS CODE ICPE'!$A$1:$E$80,3,FALSE))) -> 4331
A21: 1167 | B21: ÉTHER VINYLIQUE STABILISÉ | C21: 3 | D21: F1 | E21: DIVINYL ETHER, STABILIZED | F21: H225 | G21: H336 | H21: H412 | T21: =IFERROR(VLOOKUP(F21,'CODE H VS CODE ICPE'!$A$2:$D$80,4,FALSE),"") -> Autorisé | U21: =IFERROR(VLOOKUP(G21,'CODE H VS CODE ICPE'!$A$2:$D$80,4,FALSE),"") -> Autorisé | V21: =IFERROR(VLOOKUP(H21,'CODE H VS CODE ICPE'!$A$2:$D$80,4,FALSE),"") -> Autorisé | W21: =IFERROR(VLOOKUP(I21,'CODE H VS CODE ICPE'!$A$2:$D$80,4,FALSE),"") | X21: =IFERROR(VLOOKUP(J21,'CODE H VS CODE ICPE'!$A$2:$D$80,4,FALSE),"") | Y21: =IFERROR(VLOOKUP(K21,'CODE H VS CODE ICPE'!$A$2:$D$80,4,FALSE),"") | Z21: =IFERROR(VLOOKUP(L21,'CODE H VS CODE ICPE'!$A$2:$D$80,4,FALSE),"") | AA21: =IFERROR(VLOOKUP(M21,'CODE H VS CODE ICPE'!$A$2:$D$80,4,FALSE),"") | ... AG21: =IFERROR(VLOOKUP(S21,'CODE H VS CODE ICPE'!$A$2:$D$80,4,FALSE),"") | AH21: =IF(COUNTIF(T21:AG21, "Rejected") > 0, "Rejected", IF(COUNTIF(T21:AG21, "Under request") > 0, "Under request", "Accepted")) -> Accepted | AI21: =IF(T21="",0,IF(T21="Interdit",0,VLOOKUP(F21,'CODE H VS CODE ICPE'!$A$2:$E$80,5,FALSE))) -> 99999.99 | AJ21: =IF(U21="",0,IF(U21="Interdit",0,VLOOKUP(G21,'CODE H VS CODE ICPE'!$A$2:$E$80,5,FALSE))) -> 99999.99 | AK21: =IF(V21="",0,IF(V21="Interdit",0,VLOOKUP(H21,'CODE H VS CODE ICPE'!$A$2:$E$80,5,FALSE))) -> 99999.99 | AL21: =IF(W21="",0,IF(W21="Interdit",0,VLOOKUP(I21,'CODE H VS CODE ICPE'!$A$2:$E$80,5,FALSE))) -> 0 | AM21: =IF(X21="",0,IF(X21="Interdit",0,VLOOKUP(J21,'CODE H VS CODE ICPE'!$A$2:$E$80,5,FALSE))) -> 0 | AN21: =IF(Y21="",0,IF(Y21="Interdit",0,VLOOKUP(K21,'CODE H VS CODE ICPE'!$A$2:$E$80,5,FALSE))) -> 0 | AO21: =IF(Z21="",0,IF(Z21="Interdit",0,VLOOKUP(L21,'CODE H VS CODE ICPE'!$A$2:$E$80,5,FALSE))) -> 0 | AP21: =IF(AA21="",0,IF(AA21="Interdit",0,VLOOKUP(M21,'CODE H VS CODE ICPE'!$A$2:$E$80,5,FALSE))) -> 0 | ... AV21: =IF(AG21="",0,IF(AG21="Interdit",0,VLOOKUP(S21,'CODE H VS CODE ICPE'!$A$2:$E$80,5,FALSE))) -> 0 | AW21: =ADDRESS(2,MATCH(MAX(AI21:AV21),AI21:AV21,0)+COLUMN(AI21)-1) -> $AI$2 | AX21: =IF(AH21="Interdit","",IF(AW21="$AI$2",AI21,IF(AW21="$AJ$2",AJ21,IF(AW21="$AK$2",AK21,IF(AW21="$AL$2",AL21,IF(AW21="$AM$2",AM21,IF(AW21="$AN$2",AN21,IF(AW21="$AO$2",AO21,IF(AW21="$AP$2",AP21,IF(AW21="$AQ$2",AQ21,IF(AW21="$AR$2",AR21,IF(AW21="$AS$2",AS21,IF(AW21="$AT$2",AT21,IF(AW21="$AU$2",AU21,IF(AW21="$AV$2",AV21,""))))))))))))))) -> 99999.99 | AY21: =IF(AX21="","",IF(AW21="$AI$2",F21,IF(AW21="$AJ$2",G21,IF(AW21="$AK$2",H21,IF(AW21="$AL$2",I21,IF(AW21="$AM$2",J21,IF(AW21="$AN$2",K21,IF(AW21="$AO$2",L21,IF(AW21="$AP$2",M21,IF(AW21="$AQ$2",N21,IF(AW21="$AR$2",O21,IF(AW21="$AS$2",P21,IF(AW21="$AT$2",Q21,IF(AW21="$AU$2",R21,IF(AW21="$AV$2",S21,""))))))))))))))) -> H225 | AZ21: =IF(AY21="","",IF(AY21=0,"",VLOOKUP(AY21,'CODE H VS CODE ICPE'!$A$1:$E$80,3,FALSE))) -> 4331
A22: 1169 | B22: EXTRAITS AROMATIQUES LIQUIDES | C22: 3 | D22: F1 | E22: EXTRACTS, AROMATIC, LIQUID (vapour pressure at 50 °C more than 110 kPa ) 640C | F22: H225 | G22: H317 | H22: H412 | T22: =IFERROR(VLOOKUP(F22,'CODE H VS CODE ICPE'!$A$2:$D$80,4,FALSE),"") -> Autorisé | U22: =IFERROR(VLOOKUP(G22,'CODE H VS CODE ICPE'!$A$2:$D$80,4,FALSE),"") -> Autorisé | V22: =IFERROR(VLOOKUP(H22,'CODE H VS CODE ICPE'!$A$2:$D$80,4,FALSE),"") -> Autorisé | W22: =IFERROR(VLOOKUP(I22,'CODE H VS CODE ICPE'!$A$2:$D$80,4,FALSE),"") | X22: =IFERROR(VLOOKUP(J22,'CODE H VS CODE ICPE'!$A$2:$D$80,4,FALSE),"") | Y22: =IFERROR(VLOOKUP(K22,'CODE H VS CODE ICPE'!$A$2:$D$80,4,FALSE),"") | Z22: =IFERROR(VLOOKUP(L22,'CODE H VS CODE ICPE'!$A$2:$D$80,4,FALSE),"") | AA22: =IFERROR(VLOOKUP(M22,'CODE H VS CODE ICPE'!$A$2:$D$80,4,FALSE),"") | ... AG22: =IFERROR(VLOOKUP(S22,'CODE H VS CODE ICPE'!$A$2:$D$80,4,FALSE),"") | AH22: =IF(COUNTIF(T22:AG22, "Rejected") > 0, "Rejected", IF(COUNTIF(T22:AG22, "Under request") > 0, "Under request", "Accepted")) -> Accepted | AI22: =IF(T22="",0,IF(T22="Interdit",0,VLOOKUP(F22,'CODE H VS CODE ICPE'!$A$2:$E$80,5,FALSE))) -> 99999.99 | AJ22: =IF(U22="",0,IF(U22="Interdit",0,VLOOKUP(G22,'CODE H VS CODE ICPE'!$A$2:$E$80,5,FALSE))) -> 99999.99 | AK22: =IF(V22="",0,IF(V22="Interdit",0,VLOOKUP(H22,'CODE H VS CODE ICPE'!$A$2:$E$80,5,FALSE))) -> 99999.99 | AL22: =IF(W22="",0,IF(W22="Interdit",0,VLOOKUP(I22,'CODE H VS CODE ICPE'!$A$2:$E$80,5,FALSE))) -> 0 | AM22: =IF(X22="",0,IF(X22="Interdit",0,VLOOKUP(J22,'CODE H VS CODE ICPE'!$A$2:$E$80,5,FALSE))) -> 0 | AN22: =IF(Y22="",0,IF(Y22="Interdit",0,VLOOKUP(K22,'CODE H VS CODE ICPE'!$A$2:$E$80,5,FALSE))) -> 0 | AO22: =IF(Z22="",0,IF(Z22="Interdit",0,VLOOKUP(L22,'CODE H VS CODE ICPE'!$A$2:$E$80,5,FALSE))) -> 0 | AP22: =IF(AA22="",0,IF(AA22="Interdit",0,VLOOKUP(M22,'CODE H VS CODE ICPE'!$A$2:$E$80,5,FALSE))) -> 0 | ... AV22: =IF(AG22="",0,IF(AG22="Interdit",0,VLOOKUP(S22,'CODE H VS CODE ICPE'!$A$2:$E$80,5,FALSE))) -> 0 | AW22: =ADDRESS(2,MATCH(MAX(AI22:AV22),AI22:AV22,0)+COLUMN(AI22)-1) -> $AI$2 | AX22: =IF(AH22="Interdit","",IF(AW22="$AI$2",AI22,IF(AW22="$AJ$2",AJ22,IF(AW22="$AK$2",AK22,IF(AW22="$AL$2",AL22,IF(AW22="$AM$2",AM22,IF(AW22="$AN$2",AN22,IF(AW22="$AO$2",AO22,IF(AW22="$AP$2",AP22,IF(AW22="$AQ$2",AQ22,IF(AW22="$AR$2",AR22,IF(AW22="$AS$2",AS22,IF(AW22="$AT$2",AT22,IF(AW22="$AU$2",AU22,IF(AW22="$AV$2",AV22,""))))))))))))))) -> 99999.99 | AY22: =IF(AX22="","",IF(AW22="$AI$2",F22,IF(AW22="$AJ$2",G22,IF(AW22="$AK$2",H22,IF(AW22="$AL$2",I22,IF(AW22="$AM$2",J22,IF(AW22="$AN$2",K22,IF(AW22="$AO$2",L22,IF(AW22="$AP$2",M22,IF(AW22="$AQ$2",N22,IF(AW22="$AR$2",O22,IF(AW22="$AS$2",P22,IF(AW22="$AT$2",Q22,IF(AW22="$AU$2",R22,IF(AW22="$AV$2",S22,""))))))))))))))) -> H225 | AZ22: =IF(AY22="","",IF(AY22=0,"",VLOOKUP(AY22,'CODE H VS CODE ICPE'!$A$1:$E$80,3,FALSE))) -> 4331
A23: 1170 | B23: ÉTHANOL (ALCOOL ÉTHYLIQUE) ou ÉTHANOL EN SOLUTION (ALCOOL ÉTHYLIQUE EN SOLUTION) | C23: 3 | D23: F1 | E23: ETHANOL (ETHYL ALCOHOL) or ETHANOL SOLUTION (ETHYL ALCOHOL SOLUTION) | F23: H225 | G23: H319 | T23: =IFERROR(VLOOKUP(F23,'CODE H VS CODE ICPE'!$A$2:$D$80,4,FALSE),"") -> Autorisé | U23: =IFERROR(VLOOKUP(G23,'CODE H VS CODE ICPE'!$A$2:$D$80,4,FALSE),"") -> Autorisé | V23: =IFERROR(VLOOKUP(H23,'CODE H VS CODE ICPE'!$A$2:$D$80,4,FALSE),"") | W23: =IFERROR(VLOOKUP(I23,'CODE H VS CODE ICPE'!$A$2:$D$80,4,FALSE),"") | X23: =IFERROR(VLOOKUP(J23,'CODE H VS CODE ICPE'!$A$2:$D$80,4,FALSE),"") | Y23: =IFERROR(VLOOKUP(K23,'CODE H VS CODE ICPE'!$A$2:$D$80,4,FALSE),"") | Z23: =IFERROR(VLOOKUP(L23,'CODE H VS CODE ICPE'!$A$2:$D$80,4,FALSE),"") | AA23: =IFERROR(VLOOKUP(M23,'CODE H VS CODE ICPE'!$A$2:$D$80,4,FALSE),"") | ... AG23: =IFERROR(VLOOKUP(S23,'CODE H VS CODE ICPE'!$A$2:$D$80,4,FALSE),"") | AH23: =IF(COUNTIF(T23:AG23, "Rejected") > 0, "Rejected", IF(COUNTIF(T23:AG23, "Under request") > 0, "Under request", "Accepted")) -> Accepted | AI23: =IF(T23="",0,IF(T23="Interdit",0,VLOOKUP(F23,'CODE H VS CODE ICPE'!$A$2:$E$80,5,FALSE))) -> 99999.99 | AJ23: =IF(U23="",0,IF(U23="Interdit",0,VLOOKUP(G23,'CODE H VS CODE ICPE'!$A$2:$E$80,5,FALSE))) -> 99999.99 | AK23: =IF(V23="",0,IF(V23="Interdit",0,VLOOKUP(H23,'CODE H VS CODE ICPE'!$A$2:$E$80,5,FALSE))) -> 0 | AL23: =IF(W23="",0,IF(W23="Interdit",0,VLOOKUP(I23,'CODE H VS CODE ICPE'!$A$2:$E$80,5,FALSE))) -> 0 | AM23: =IF(X23="",0,IF(X23="Interdit",0,VLOOKUP(J23,'CODE H VS CODE ICPE'!$A$2:$E$80,5,FALSE))) -> 0 | AN23: =IF(Y23="",0,IF(Y23="Interdit",0,VLOOKUP(K23,'CODE H VS CODE ICPE'!$A$2:$E$80,5,FALSE))) -> 0 | AO23: =IF(Z23="",0,IF(Z23="Interdit",0,VLOOKUP(L23,'CODE H VS CODE ICPE'!$A$2:$E$80,5,FALSE))) -> 0 | AP23: =IF(AA23="",0,IF(AA23="Interdit",0,VLOOKUP(M23,'CODE H VS CODE ICPE'!$A$2:$E$80,5,FALSE))) -> 0 | ... AV23: =IF(AG23="",0,IF(AG23="Interdit",0,VLOOKUP(S23,'CODE H VS CODE ICPE'!$A$2:$E$80,5,FALSE))) -> 0 | AW23: =ADDRESS(2,MATCH(MAX(AI23:AV23),AI23:AV23,0)+COLUMN(AI23)-1) -> $AI$2 | AX23: 380000 | AY23: =IF(AX23="","",IF(AW23="$AI$2",F23,IF(AW23="$AJ$2",G23,IF(AW23="$AK$2",H23,IF(AW23="$AL$2",I23,IF(AW23="$AM$2",J23,IF(AW23="$AN$2",K23,IF(AW23="$AO$2",L23,IF(AW23="$AP$2",M23,IF(AW23="$AQ$2",N23,IF(AW23="$AR$2",O23,IF(AW23="$AS$2",P23,IF(AW23="$AT$2",Q23,IF(AW23="$AU$2",R23,IF(AW23="$AV$2",S23,""))))))))))))))) -> H225 | AZ23: 4755
A24: 1173 | B24: ACÉTATE D'ÉTHYLE | C24: 3 | D24: F1 | E24: ETHYL ACETATE | F24: H225 | G24: H319 | H24: H336 | T24: =IFERROR(VLOOKUP(F24,'CODE H VS CODE ICPE'!$A$2:$D$80,4,FALSE),"") -> Autorisé | U24: =IFERROR(VLOOKUP(G24,'CODE H VS CODE ICPE'!$A$2:$D$80,4,FALSE),"") -> Autorisé | V24: =IFERROR(VLOOKUP(H24,'CODE H VS CODE ICPE'!$A$2:$D$80,4,FALSE),"") -> Autorisé | W24: =IFERROR(VLOOKUP(I24,'CODE H VS CODE ICPE'!$A$2:$D$80,4,FALSE),"") | X24: =IFERROR(VLOOKUP(J24,'CODE H VS CODE ICPE'!$A$2:$D$80,4,FALSE),"") | Y24: =IFERROR(VLOOKUP(K24,'CODE H VS CODE ICPE'!$A$2:$D$80,4,FALSE),"") | Z24: =IFERROR(VLOOKUP(L24,'CODE H VS CODE ICPE'!$A$2:$D$80,4,FALSE),"") | AA24: =IFERROR(VLOOKUP(M24,'CODE H VS CODE ICPE'!$A$2:$D$80,4,FALSE),"") | ... AG24: =IFERROR(VLOOKUP(S24,'CODE H VS CODE ICPE'!$A$2:$D$80,4,FALSE),"") | AH24: =IF(COUNTIF(T24:AG24, "Rejected") > 0, "Rejected", IF(COUNTIF(T24:AG24, "Under request") > 0, "Under request", "Accepted")) -> Accepted | AI24: =IF(T24="",0,IF(T24="Interdit",0,VLOOKUP(F24,'CODE H VS CODE ICPE'!$A$2:$E$80,5,FALSE))) -> 99999.99 | AJ24: =IF(U24="",0,IF(U24="Interdit",0,VLOOKUP(G24,'CODE H VS CODE ICPE'!$A$2:$E$80,5,FALSE))) -> 99999.99 | AK24: =IF(V24="",0,IF(V24="Interdit",0,VLOOKUP(H24,'CODE H VS CODE ICPE'!$A$2:$E$80,5,FALSE))) -> 99999.99 | AL24: =IF(W24="",0,IF(W24="Interdit",0,VLOOKUP(I24,'CODE H VS CODE ICPE'!$A$2:$E$80,5,FALSE))) -> 0 | AM24: =IF(X24="",0,IF(X24="Interdit",0,VLOOKUP(J24,'CODE H VS CODE ICPE'!$A$2:$E$80,5,FALSE))) -> 0 | AN24: =IF(Y24="",0,IF(Y24="Interdit",0,VLOOKUP(K24,'CODE H VS CODE ICPE'!$A$2:$E$80,5,FALSE))) -> 0 | AO24: =IF(Z24="",0,IF(Z24="Interdit",0,VLOOKUP(L24,'CODE H VS CODE ICPE'!$A$2:$E$80,5,FALSE))) -> 0 | AP24: =IF(AA24="",0,IF(AA24="Interdit",0,VLOOKUP(M24,'CODE H VS CODE ICPE'!$A$2:$E$80,5,FALSE))) -> 0 | ... AV24: =IF(AG24="",0,IF(AG24="Interdit",0,VLOOKUP(S24,'CODE H VS CODE ICPE'!$A$2:$E$80,5,FALSE))) -> 0 | AW24: =ADDRESS(2,MATCH(MAX(AI24:AV24),AI24:AV24,0)+COLUMN(AI24)-1) -> $AI$2 | AX24: =IF(AH24="Interdit","",IF(AW24="$AI$2",AI24,IF(AW24="$AJ$2",AJ24,IF(AW24="$AK$2",AK24,IF(AW24="$AL$2",AL24,IF(AW24="$AM$2",AM24,IF(AW24="$AN$2",AN24,IF(AW24="$AO$2",AO24,IF(AW24="$AP$2",AP24,IF(AW24="$AQ$2",AQ24,IF(AW24="$AR$2",AR24,IF(AW24="$AS$2",AS24,IF(AW24="$AT$2",AT24,IF(AW24="$AU$2",AU24,IF(AW24="$AV$2",AV24,""))))))))))))))) -> 99999.99 | AY24: =IF(AX24="","",IF(AW24="$AI$2",F24,IF(AW24="$AJ$2",G24,IF(AW24="$AK$2",H24,IF(AW24="$AL$2",I24,IF(AW24="$AM$2",J24,IF(AW24="$AN$2",K24,IF(AW24="$AO$2",L24,IF(AW24="$AP$2",M24,IF(AW24="$AQ$2",N24,IF(AW24="$AR$2",O24,IF(AW24="$AS$2",P24,IF(AW24="$AT$2",Q24,IF(AW24="$AU$2",R24,IF(AW24="$AV$2",S24,""))))))))))))))) -> H225 | AZ24: =IF(AY24="","",IF(AY24=0,"",VLOOKUP(AY24,'CODE H VS CODE ICPE'!$A$1:$E$80,3,FALSE))) -> 4331
A25: 1176 | B25: BORATE D'ÉTHYLE | C25: 3 | D25: F1 | E25: ETHYL BORATE | F25: H225 | T25: =IFERROR(VLOOKUP(F25,'CODE H VS CODE ICPE'!$A$2:$D$80,4,FALSE),"") -> Autorisé | U25: =IFERROR(VLOOKUP(G25,'CODE H VS CODE ICPE'!$A$2:$D$80,4,FALSE),"") | V25: =IFERROR(VLOOKUP(H25,'CODE H VS CODE ICPE'!$A$2:$D$80,4,FALSE),"") | W25: =IFERROR(VLOOKUP(I25,'CODE H VS CODE ICPE'!$A$2:$D$80,4,FALSE),"") | X25: =IFERROR(VLOOKUP(J25,'CODE H VS CODE ICPE'!$A$2:$D$80,4,FALSE),"") | Y25: =IFERROR(VLOOKUP(K25,'CODE H VS CODE ICPE'!$A$2:$D$80,4,FALSE),"") | Z25: =IFERROR(VLOOKUP(L25,'CODE H VS CODE ICPE'!$A$2:$D$80,4,FALSE),"") | AA25: =IFERROR(VLOOKUP(M25,'CODE H VS CODE ICPE'!$A$2:$D$80,4,FALSE),"") | ... AG25: =IFERROR(VLOOKUP(S25,'CODE H VS CODE ICPE'!$A$2:$D$80,4,FALSE),"") | AH25: =IF(COUNTIF(T25:AG25, "Rejected") > 0, "Rejected", IF(COUNTIF(T25:AG25, "Under request") > 0, "Under request", "Accepted")) -> Accepted | AI25: =IF(T25="",0,IF(T25="Interdit",0,VLOOKUP(F25,'CODE H VS CODE ICPE'!$A$2:$E$80,5,FALSE))) -> 99999.99 | AJ25: =IF(U25="",0,IF(U25="Interdit",0,VLOOKUP(G25,'CODE H VS CODE ICPE'!$A$2:$E$80,5,FALSE))) -> 0 | AK25: =IF(V25="",0,IF(V25="Interdit",0,VLOOKUP(H25,'CODE H VS CODE ICPE'!$A$2:$E$80,5,FALSE))) -> 0 | AL25: =IF(W25="",0,IF(W25="Interdit",0,VLOOKUP(I25,'CODE H VS CODE ICPE'!$A$2:$E$80,5,FALSE))) -> 0 | AM25: =IF(X25="",0,IF(X25="Interdit",0,VLOOKUP(J25,'CODE H VS CODE ICPE'!$A$2:$E$80,5,FALSE))) -> 0 | AN25: =IF(Y25="",0,IF(Y25="Interdit",0,VLOOKUP(K25,'CODE H VS CODE ICPE'!$A$2:$E$80,5,FALSE))) -> 0 | AO25: =IF(Z25="",0,IF(Z25="Interdit",0,VLOOKUP(L25,'CODE H VS CODE ICPE'!$A$2:$E$80,5,FALSE))) -> 0 | AP25: =IF(AA25="",0,IF(AA25="Interdit",0,VLOOKUP(M25,'CODE H VS CODE ICPE'!$A$2:$E$80,5,FALSE))) -> 0 | ... AV25: =IF(AG25="",0,IF(AG25="Interdit",0,VLOOKUP(S25,'CODE H VS CODE ICPE'!$A$2:$E$80,5,FALSE))) -> 0 | AW25: =ADDRESS(2,MATCH(MAX(AI25:AV25),AI25:AV25,0)+COLUMN(AI25)-1) -> $AI$2 | AX25: =IF(AH25="Interdit","",IF(AW25="$AI$2",AI25,IF(AW25="$AJ$2",AJ25,IF(AW25="$AK$2",AK25,IF(AW25="$AL$2",AL25,IF(AW25="$AM$2",AM25,IF(AW25="$AN$2",AN25,IF(AW25="$AO$2",AO25,IF(AW25="$AP$2",AP25,IF(AW25="$AQ$2",AQ25,IF(AW25="$AR$2",AR25,IF(AW25="$AS$2",AS25,IF(AW25="$AT$2",AT25,IF(AW25="$AU$2",AU25,IF(AW25="$AV$2",AV25,""))))))))))))))) -> 99999.99 | AY25: =IF(AX25="","",IF(AW25="$AI$2",F25,IF(AW25="$AJ$2",G25,IF(AW25="$AK$2",H25,IF(AW25="$AL$2",I25,IF(AW25="$AM$2",J25,IF(AW25="$AN$2",K25,IF(AW25="$AO$2",L25,IF(AW25="$AP$2",M25,IF(AW25="$AQ$2",N25,IF(AW25="$AR$2",O25,IF(AW25="$AS$2",P25,IF(AW25="$AT$2",Q25,IF(AW25="$AU$2",R25,IF(AW25="$AV$2",S25,""))))))))))))))) -> H225 | AZ25: =IF(AY25="","",IF(AY25=0,"",VLOOKUP(AY25,'CODE H VS CODE ICPE'!$A$1:$E$80,3,FALSE))) -> 4331
A26: 1177 | B26: ACÉTATE DE 2-ÉTHYLBUTYLE | C26: 3 | D26: F1 | E26: 2-ETHYLBUTYL ACETATE | F26: H226 | T26: =IFERROR(VLOOKUP(F26,'CODE H VS CODE ICPE'!$A$2:$D$80,4,FALSE),"") -> Autorisé | U26: =IFERROR(VLOOKUP(G26,'CODE H VS CODE ICPE'!$A$2:$D$80,4,FALSE),"") | V26: =IFERROR(VLOOKUP(H26,'CODE H VS CODE ICPE'!$A$2:$D$80,4,FALSE),"") | W26: =IFERROR(VLOOKUP(I26,'CODE H VS CODE ICPE'!$A$2:$D$80,4,FALSE),"") | X26: =IFERROR(VLOOKUP(J26,'CODE H VS CODE ICPE'!$A$2:$D$80,4,FALSE),"") | Y26: =IFERROR(VLOOKUP(K26,'CODE H VS CODE ICPE'!$A$2:$D$80,4,FALSE),"") | Z26: =IFERROR(VLOOKUP(L26,'CODE H VS CODE ICPE'!$A$2:$D$80,4,FALSE),"") | AA26: =IFERROR(VLOOKUP(M26,'CODE H VS CODE ICPE'!$A$2:$D$80,4,FALSE),"") | ... AG26: =IFERROR(VLOOKUP(S26,'CODE H VS CODE ICPE'!$A$2:$D$80,4,FALSE),"") | AH26: =IF(COUNTIF(T26:AG26, "Rejected") > 0, "Rejected", IF(COUNTIF(T26:AG26, "Under request") > 0, "Under request", "Accepted")) -> Accepted | AI26: =IF(T26="",0,IF(T26="Interdit",0,VLOOKUP(F26,'CODE H VS CODE ICPE'!$A$2:$E$80,5,FALSE))) -> 99999.99 | AJ26: =IF(U26="",0,IF(U26="Interdit",0,VLOOKUP(G26,'CODE H VS CODE ICPE'!$A$2:$E$80,5,FALSE))) -> 0 | AK26: =IF(V26="",0,IF(V26="Interdit",0,VLOOKUP(H26,'CODE H VS CODE ICPE'!$A$2:$E$80,5,FALSE))) -> 0 | AL26: =IF(W26="",0,IF(W26="Interdit",0,VLOOKUP(I26,'CODE H VS CODE ICPE'!$A$2:$E$80,5,FALSE))) -> 0 | AM26: =IF(X26="",0,IF(X26="Interdit",0,VLOOKUP(J26,'CODE H VS CODE ICPE'!$A$2:$E$80,5,FALSE))) -> 0 | AN26: =IF(Y26="",0,IF(Y26="Interdit",0,VLOOKUP(K26,'CODE H VS CODE ICPE'!$A$2:$E$80,5,FALSE))) -> 0 | AO26: =IF(Z26="",0,IF(Z26="Interdit",0,VLOOKUP(L26,'CODE H VS CODE ICPE'!$A$2:$E$80,5,FALSE))) -> 0 | AP26: =IF(AA26="",0,IF(AA26="Interdit",0,VLOOKUP(M26,'CODE H VS CODE ICPE'!$A$2:$E$80,5,FALSE))) -> 0 | ... AV26: =IF(AG26="",0,IF(AG26="Interdit",0,VLOOKUP(S26,'CODE H VS CODE ICPE'!$A$2:$E$80,5,FALSE))) -> 0 | AW26: =ADDRESS(2,MATCH(MAX(AI26:AV26),AI26:AV26,0)+COLUMN(AI26)-1) -> $AI$2 | AX26: =IF(AH26="Interdit","",IF(AW26="$AI$2",AI26,IF(AW26="$AJ$2",AJ26,IF(AW26="$AK$2",AK26,IF(AW26="$AL$2",AL26,IF(AW26="$AM$2",AM26,IF(AW26="$AN$2",AN26,IF(AW26="$AO$2",AO26,IF(AW26="$AP$2",AP26,IF(AW26="$AQ$2",AQ26,IF(AW26="$AR$2",AR26,IF(AW26="$AS$2",AS26,IF(AW26="$AT$2",AT26,IF(AW26="$AU$2",AU26,IF(AW26="$AV$2",AV26,""))))))))))))))) -> 99999.99 | AY26: =IF(AX26="","",IF(AW26="$AI$2",F26,IF(AW26="$AJ$2",G26,IF(AW26="$AK$2",H26,IF(AW26="$AL$2",I26,IF(AW26="$AM$2",J26,IF(AW26="$AN$2",K26,IF(AW26="$AO$2",L26,IF(AW26="$AP$2",M26,IF(AW26="$AQ$2",N26,IF(AW26="$AR$2",O26,IF(AW26="$AS$2",P26,IF(AW26="$AT$2",Q26,IF(AW26="$AU$2",R26,IF(AW26="$AV$2",S26,""))))))))))))))) -> H226 | AZ26: =IF(AY26="","",IF(AY26=0,"",VLOOKUP(AY26,'CODE H VS CODE ICPE'!$A$1:$E$80,3,FALSE))) -> 4331
A27: 1178 | B27: ALDÉHYDE ÉTHYL-2 BUTYRIQUE | C27: 3 | D27: F1 | E27: 2-ETHYL-BUTYRALDEHYDE | F27: H225 | G27: H319 | T27: =IFERROR(VLOOKUP(F27,'CODE H VS CODE ICPE'!$A$2:$D$80,4,FALSE),"") -> Autorisé | U27: =IFERROR(VLOOKUP(G27,'CODE H VS CODE ICPE'!$A$2:$D$80,4,FALSE),"") -> Autorisé | V27: =IFERROR(VLOOKUP(H27,'CODE H VS CODE ICPE'!$A$2:$D$80,4,FALSE),"") | W27: =IFERROR(VLOOKUP(I27,'CODE H VS CODE ICPE'!$A$2:$D$80,4,FALSE),"") | X27: =IFERROR(VLOOKUP(J27,'CODE H VS CODE ICPE'!$A$2:$D$80,4,FALSE),"") | Y27: =IFERROR(VLOOKUP(K27,'CODE H VS CODE ICPE'!$A$2:$D$80,4,FALSE),"") | Z27: =IFERROR(VLOOKUP(L27,'CODE H VS CODE ICPE'!$A$2:$D$80,4,FALSE),"") | AA27: =IFERROR(VLOOKUP(M27,'CODE H VS CODE ICPE'!$A$2:$D$80,4,FALSE),"") | ... AG27: =IFERROR(VLOOKUP(S27,'CODE H VS CODE ICPE'!$A$2:$D$80,4,FALSE),"") | AH27: =IF(COUNTIF(T27:AG27, "Rejected") > 0, "Rejected", IF(COUNTIF(T27:AG27, "Under request") > 0, "Under request", "Accepted")) -> Accepted | AI27: =IF(T27="",0,IF(T27="Interdit",0,VLOOKUP(F27,'CODE H VS CODE ICPE'!$A$2:$E$80,5,FALSE))) -> 99999.99 | AJ27: =IF(U27="",0,IF(U27="Interdit",0,VLOOKUP(G27,'CODE H VS CODE ICPE'!$A$2:$E$80,5,FALSE))) -> 99999.99 | AK27: =IF(V27="",0,IF(V27="Interdit",0,VLOOKUP(H27,'CODE H VS CODE ICPE'!$A$2:$E$80,5,FALSE))) -> 0 | AL27: =IF(W27="",0,IF(W27="Interdit",0,VLOOKUP(I27,'CODE H VS CODE ICPE'!$A$2:$E$80,5,FALSE))) -> 0 | AM27: =IF(X27="",0,IF(X27="Interdit",0,VLOOKUP(J27,'CODE H VS CODE ICPE'!$A$2:$E$80,5,FALSE))) -> 0 | AN27: =IF(Y27="",0,IF(Y27="Interdit",0,VLOOKUP(K27,'CODE H VS CODE ICPE'!$A$2:$E$80,5,FALSE))) -> 0 | AO27: =IF(Z27="",0,IF(Z27="Interdit",0,VLOOKUP(L27,'CODE H VS CODE ICPE'!$A$2:$E$80,5,FALSE))) -> 0 | AP27: =IF(AA27="",0,IF(AA27="Interdit",0,VLOOKUP(M27,'CODE H VS CODE ICPE'!$A$2:$E$80,5,FALSE))) -> 0 | ... AV27: =IF(AG27="",0,IF(AG27="Interdit",0,VLOOKUP(S27,'CODE H VS CODE ICPE'!$A$2:$E$80,5,FALSE))) -> 0 | AW27: =ADDRESS(2,MATCH(MAX(AI27:AV27),AI27:AV27,0)+COLUMN(AI27)-1) -> $AI$2 | AX27: =IF(AH27="Interdit","",IF(AW27="$AI$2",AI27,IF(AW27="$AJ$2",AJ27,IF(AW27="$AK$2",AK27,IF(AW27="$AL$2",AL27,IF(AW27="$AM$2",AM27,IF(AW27="$AN$2",AN27,IF(AW27="$AO$2",AO27,IF(AW27="$AP$2",AP27,IF(AW27="$AQ$2",AQ27,IF(AW27="$AR$2",AR27,IF(AW27="$AS$2",AS27,IF(AW27="$AT$2",AT27,IF(AW27="$AU$2",AU27,IF(AW27="$AV$2",AV27,""))))))))))))))) -> 99999.99 | AY27: =IF(AX27="","",IF(AW27="$AI$2",F27,IF(AW27="$AJ$2",G27,IF(AW27="$AK$2",H27,IF(AW27="$AL$2",I27,IF(AW27="$AM$2",J27,IF(AW27="$AN$2",K27,IF(AW27="$AO$2",L27,IF(AW27="$AP$2",M27,IF(AW27="$AQ$2",N27,IF(AW27="$AR$2",O27,IF(AW27="$AS$2",P27,IF(AW27="$AT$2",Q27,IF(AW27="$AU$2",R27,IF(AW27="$AV$2",S27,""))))))))))))))) -> H225 | AZ27: =IF(AY27="","",IF(AY27=0,"",VLOOKUP(AY27,'CODE H VS CODE ICPE'!$A$1:$E$80,3,FALSE))) -> 4331
A28: 1179 | B28: ÉTHER ÉTHYLBUTYLIQUE | C28: 3 | D28: F1 | E28: ETHYL BUTYL ETHER | F28: H225 | G28: H336 | T28: =IFERROR(VLOOKUP(F28,'CODE H VS CODE ICPE'!$A$2:$D$80,4,FALSE),"") -> Autorisé | U28: =IFERROR(VLOOKUP(G28,'CODE H VS CODE ICPE'!$A$2:$D$80,4,FALSE),"") -> Autorisé | V28: =IFERROR(VLOOKUP(H28,'CODE H VS CODE ICPE'!$A$2:$D$80,4,FALSE),"") | W28: =IFERROR(VLOOKUP(I28,'CODE H VS CODE ICPE'!$A$2:$D$80,4,FALSE),"") | X28: =IFERROR(VLOOKUP(J28,'CODE H VS CODE ICPE'!$A$2:$D$80,4,FALSE),"") | Y28: =IFERROR(VLOOKUP(K28,'CODE H VS CODE ICPE'!$A$2:$D$80,4,FALSE),"") | Z28: =IFERROR(VLOOKUP(L28,'CODE H VS CODE ICPE'!$A$2:$D$80,4,FALSE),"") | AA28: =IFERROR(VLOOKUP(M28,'CODE H VS CODE ICPE'!$A$2:$D$80,4,FALSE),"") | ... AG28: =IFERROR(VLOOKUP(S28,'CODE H VS CODE ICPE'!$A$2:$D$80,4,FALSE),"") | AH28: =IF(COUNTIF(T28:AG28, "Rejected") > 0, "Rejected", IF(COUNTIF(T28:AG28, "Under request") > 0, "Under request", "Accepted")) -> Accepted | AI28: =IF(T28="",0,IF(T28="Interdit",0,VLOOKUP(F28,'CODE H VS CODE ICPE'!$A$2:$E$80,5,FALSE))) -> 99999.99 | AJ28: =IF(U28="",0,IF(U28="Interdit",0,VLOOKUP(G28,'CODE H VS CODE ICPE'!$A$2:$E$80,5,FALSE))) -> 99999.99 | AK28: =IF(V28="",0,IF(V28="Interdit",0,VLOOKUP(H28,'CODE H VS CODE ICPE'!$A$2:$E$80,5,FALSE))) -> 0 | AL28: =IF(W28="",0,IF(W28="Interdit",0,VLOOKUP(I28,'CODE H VS CODE ICPE'!$A$2:$E$80,5,FALSE))) -> 0 | AM28: =IF(X28="",0,IF(X28="Interdit",0,VLOOKUP(J28,'CODE H VS CODE ICPE'!$A$2:$E$80,5,FALSE))) -> 0 | AN28: =IF(Y28="",0,IF(Y28="Interdit",0,VLOOKUP(K28,'CODE H VS CODE ICPE'!$A$2:$E$80,5,FALSE))) -> 0 | AO28: =IF(Z28="",0,IF(Z28="Interdit",0,VLOOKUP(L28,'CODE H VS CODE ICPE'!$A$2:$E$80,5,FALSE))) -> 0 | AP28: =IF(AA28="",0,IF(AA28="Interdit",0,VLOOKUP(M28,'CODE H VS CODE ICPE'!$A$2:$E$80,5,FALSE))) -> 0 | ... AV28: =IF(AG28="",0,IF(AG28="Interdit",0,VLOOKUP(S28,'CODE H VS CODE ICPE'!$A$2:$E$80,5,FALSE))) -> 0 | AW28: =ADDRESS(2,MATCH(MAX(AI28:AV28),AI28:AV28,0)+COLUMN(AI28)-1) -> $AI$2 | AX28: =IF(AH28="Interdit","",IF(AW28="$AI$2",AI28,IF(AW28="$AJ$2",AJ28,IF(AW28="$AK$2",AK28,IF(AW28="$AL$2",AL28,IF(AW28="$AM$2",AM28,IF(AW28="$AN$2",AN28,IF(AW28="$AO$2",AO28,IF(AW28="$AP$2",AP28,IF(AW28="$AQ$2",AQ28,IF(AW28="$AR$2",AR28,IF(AW28="$AS$2",AS28,IF(AW28="$AT$2",AT28,IF(AW28="$AU$2",AU28,IF(AW28="$AV$2",AV28,""))))))))))))))) -> 99999.99 | AY28: =IF(AX28="","",IF(AW28="$AI$2",F28,IF(AW28="$AJ$2",G28,IF(AW28="$AK$2",H28,IF(AW28="$AL$2",I28,IF(AW28="$AM$2",J28,IF(AW28="$AN$2",K28,IF(AW28="$AO$2",L28,IF(AW28="$AP$2",M28,IF(AW28="$AQ$2",N28,IF(AW28="$AR$2",O28,IF(AW28="$AS$2",P28,IF(AW28="$AT$2",Q28,IF(AW28="$AU$2",R28,IF(AW28="$AV$2",S28,""))))))))))))))) -> H225 | AZ28: =IF(AY28="","",IF(AY28=0,"",VLOOKUP(AY28,'CODE H VS CODE ICPE'!$A$1:$E$80,3,FALSE))) -> 4331
A29: 1180 | B29: BUTYRATE D'ÉTHYLE | C29: 3 | D29: F1 | E29: ETHYL BUTYRATE | F29: H226 | T29: =IFERROR(VLOOKUP(F29,'CODE H VS CODE ICPE'!$A$2:$D$80,4,FALSE),"") -> Autorisé | U29: =IFERROR(VLOOKUP(G29,'CODE H VS CODE ICPE'!$A$2:$D$80,4,FALSE),"") | V29: =IFERROR(VLOOKUP(H29,'CODE H VS CODE ICPE'!$A$2:$D$80,4,FALSE),"") | W29: =IFERROR(VLOOKUP(I29,'CODE H VS CODE ICPE'!$A$2:$D$80,4,FALSE),"") | X29: =IFERROR(VLOOKUP(J29,'CODE H VS CODE ICPE'!$A$2:$D$80,4,FALSE),"") | Y29: =IFERROR(VLOOKUP(K29,'CODE H VS CODE ICPE'!$A$2:$D$80,4,FALSE),"") | Z29: =IFERROR(VLOOKUP(L29,'CODE H VS CODE ICPE'!$A$2:$D$80,4,FALSE),"") | AA29: =IFERROR(VLOOKUP(M29,'CODE H VS CODE ICPE'!$A$2:$D$80,4,FALSE),"") | ... AG29: =IFERROR(VLOOKUP(S29,'CODE H VS CODE ICPE'!$A$2:$D$80,4,FALSE),"") | AH29: =IF(COUNTIF(T29:AG29, "Rejected") > 0, "Rejected", IF(COUNTIF(T29:AG29, "Under request") > 0, "Under request", "Accepted")) -> Accepted | AI29: =IF(T29="",0,IF(T29="Interdit",0,VLOOKUP(F29,'CODE H VS CODE ICPE'!$A$2:$E$80,5,FALSE))) -> 99999.99 | AJ29: =IF(U29="",0,IF(U29="Interdit",0,VLOOKUP(G29,'CODE H VS CODE ICPE'!$A$2:$E$80,5,FALSE))) -> 0 | AK29: =IF(V29="",0,IF(V29="Interdit",0,VLOOKUP(H29,'CODE H VS CODE ICPE'!$A$2:$E$80,5,FALSE))) -> 0 | AL29: =IF(W29="",0,IF(W29="Interdit",0,VLOOKUP(I29,'CODE H VS CODE ICPE'!$A$2:$E$80,5,FALSE))) -> 0 | AM29: =IF(X29="",0,IF(X29="Interdit",0,VLOOKUP(J29,'CODE H VS CODE ICPE'!$A$2:$E$80,5,FALSE))) -> 0 | AN29: =IF(Y29="",0,IF(Y29="Interdit",0,VLOOKUP(K29,'CODE H VS CODE ICPE'!$A$2:$E$80,5,FALSE))) -> 0 | AO29: =IF(Z29="",0,IF(Z29="Interdit",0,VLOOKUP(L29,'CODE H VS CODE ICPE'!$A$2:$E$80,5,FALSE))) -> 0 | AP29: =IF(AA29="",0,IF(AA29="Interdit",0,VLOOKUP(M29,'CODE H VS CODE ICPE'!$A$2:$E$80,5,FALSE))) -> 0 | ... AV29: =IF(AG29="",0,IF(AG29="Interdit",0,VLOOKUP(S29,'CODE H VS CODE ICPE'!$A$2:$E$80,5,FALSE))) -> 0 | AW29: =ADDRESS(2,MATCH(MAX(AI29:AV29),AI29:AV29,0)+COLUMN(AI29)-1) -> $AI$2 | AX29: =IF(AH29="Interdit","",IF(AW29="$AI$2",AI29,IF(AW29="$AJ$2",AJ29,IF(AW29="$AK$2",AK29,IF(AW29="$AL$2",AL29,IF(AW29="$AM$2",AM29,IF(AW29="$AN$2",AN29,IF(AW29="$AO$2",AO29,IF(AW29="$AP$2",AP29,IF(AW29="$AQ$2",AQ29,IF(AW29="$AR$2",AR29,IF(AW29="$AS$2",AS29,IF(AW29="$AT$2",AT29,IF(AW29="$AU$2",AU29,IF(AW29="$AV$2",AV29,""))))))))))))))) -> 99999.99 | AY29: =IF(AX29="","",IF(AW29="$AI$2",F29,IF(AW29="$AJ$2",G29,IF(AW29="$AK$2",H29,IF(AW29="$AL$2",I29,IF(AW29="$AM$2",J29,IF(AW29="$AN$2",K29,IF(AW29="$AO$2",L29,IF(AW29="$AP$2",M29,IF(AW29="$AQ$2",N29,IF(AW29="$AR$2",O29,IF(AW29="$AS$2",P29,IF(AW29="$AT$2",Q29,IF(AW29="$AU$2",R29,IF(AW29="$AV$2",S29,""))))))))))))))) -> H226 | AZ29: =IF(AY29="","",IF(AY29=0,"",VLOOKUP(AY29,'CODE H VS CODE ICPE'!$A$1:$E$80,3,FALSE))) -> 4331
A30: 1185 | B30: ÉTHYLÈNEIMINE STABILISÉE | C30: 6.1 | D30: TF1 | E30: ETHYLENEIMINE, STABILIZED | F30: H411 | T30: =IFERROR(VLOOKUP(F30,'CODE H VS CODE ICPE'!$A$2:$D$80,4,FALSE),"") -> Autorisé | U30: =IFERROR(VLOOKUP(G30,'CODE H VS CODE ICPE'!$A$2:$D$80,4,FALSE),"") | V30: =IFERROR(VLOOKUP(H30,'CODE H VS CODE ICPE'!$A$2:$D$80,4,FALSE),"") | W30: =IFERROR(VLOOKUP(I30,'CODE H VS CODE ICPE'!$A$2:$D$80,4,FALSE),"") | X30: =IFERROR(VLOOKUP(J30,'CODE H VS CODE ICPE'!$A$2:$D$80,4,FALSE),"") | Y30: =IFERROR(VLOOKUP(K30,'CODE H VS CODE ICPE'!$A$2:$D$80,4,FALSE),"") | Z30: =IFERROR(VLOOKUP(L30,'CODE H VS CODE ICPE'!$A$2:$D$80,4,FALSE),"") | AA30: =IFERROR(VLOOKUP(M30,'CODE H VS CODE ICPE'!$A$2:$D$80,4,FALSE),"") | ... AG30: =IFERROR(VLOOKUP(S30,'CODE H VS CODE ICPE'!$A$2:$D$80,4,FALSE),"") | AH30: =IF(COUNTIF(T30:AG30, "Rejected") > 0, "Rejected", IF(COUNTIF(T30:AG30, "Under request") > 0, "Under request", "Accepted")) -> Accepted | AI30: =IF(T30="",0,IF(T30="Interdit",0,VLOOKUP(F30,'CODE H VS CODE ICPE'!$A$2:$E$80,5,FALSE))) -> 99999.99 | AJ30: =IF(U30="",0,IF(U30="Interdit",0,VLOOKUP(G30,'CODE H VS CODE ICPE'!$A$2:$E$80,5,FALSE))) -> 0 | AK30: =IF(V30="",0,IF(V30="Interdit",0,VLOOKUP(H30,'CODE H VS CODE ICPE'!$A$2:$E$80,5,FALSE))) -> 0 | AL30: =IF(W30="",0,IF(W30="Interdit",0,VLOOKUP(I30,'CODE H VS CODE ICPE'!$A$2:$E$80,5,FALSE))) -> 0 | AM30: =IF(X30="",0,IF(X30="Interdit",0,VLOOKUP(J30,'CODE H VS CODE ICPE'!$A$2:$E$80,5,FALSE))) -> 0 | AN30: =IF(Y30="",0,IF(Y30="Interdit",0,VLOOKUP(K30,'CODE H VS CODE ICPE'!$A$2:$E$80,5,FALSE))) -> 0 | AO30: =IF(Z30="",0,IF(Z30="Interdit",0,VLOOKUP(L30,'CODE H VS CODE ICPE'!$A$2:$E$80,5,FALSE))) -> 0 | AP30: =IF(AA30="",0,IF(AA30="Interdit",0,VLOOKUP(M30,'CODE H VS CODE ICPE'!$A$2:$E$80,5,FALSE))) -> 0 | ... AV30: =IF(AG30="",0,IF(AG30="Interdit",0,VLOOKUP(S30,'CODE H VS CODE ICPE'!$A$2:$E$80,5,FALSE))) -> 0 | AW30: =ADDRESS(2,MATCH(MAX(AI30:AV30),AI30:AV30,0)+COLUMN(AI30)-1) -> $AI$2 | AX30: =IF(AH30="Interdit","",IF(AW30="$AI$2",AI30,IF(AW30="$AJ$2",AJ30,IF(AW30="$AK$2",AK30,IF(AW30="$AL$2",AL30,IF(AW30="$AM$2",AM30,IF(AW30="$AN$2",AN30,IF(AW30="$AO$2",AO30,IF(AW30="$AP$2",AP30,IF(AW30="$AQ$2",AQ30,IF(AW30="$AR$2",AR30,IF(AW30="$AS$2",AS30,IF(AW30="$AT$2",AT30,IF(AW30="$AU$2",AU30,IF(AW30="$AV$2",AV30,""))))))))))))))) -> 99999.99 | AY30: =IF(AX30="","",IF(AW30="$AI$2",F30,IF(AW30="$AJ$2",G30,IF(AW30="$AK$2",H30,IF(AW30="$AL$2",I30,IF(AW30="$AM$2",J30,IF(AW30="$AN$2",K30,IF(AW30="$AO$2",L30,IF(AW30="$AP$2",M30,IF(AW30="$AQ$2",N30,IF(AW30="$AR$2",O30,IF(AW30="$AS$2",P30,IF(AW30="$AT$2",Q30,IF(AW30="$AU$2",R30,IF(AW30="$AV$2",S30,""))))))))))))))) -> H411 | AZ30: =IF(AY30="","",IF(AY30=0,"",VLOOKUP(AY30,'CODE H VS CODE ICPE'!$A$1:$E$80,3,FALSE))) -> 4511
A31: 1193 | B31: ÉTHYLMÉTHYLCÉTONE (MÉTHYLÉTHYLCÉTONE) | C31: 3 | D31: F1 | E31: ETHYL METHYL KETONE (METHYL ETHYL KETONE) | F31: H225 | G31: H319 | H31: H336 | T31: =IFERROR(VLOOKUP(F31,'CODE H VS CODE ICPE'!$A$2:$D$80,4,FALSE),"") -> Autorisé | U31: =IFERROR(VLOOKUP(G31,'CODE H VS CODE ICPE'!$A$2:$D$80,4,FALSE),"") -> Autorisé | V31: =IFERROR(VLOOKUP(H31,'CODE H VS CODE ICPE'!$A$2:$D$80,4,FALSE),"") -> Autorisé | W31: =IFERROR(VLOOKUP(I31,'CODE H VS CODE ICPE'!$A$2:$D$80,4,FALSE),"") | X31: =IFERROR(VLOOKUP(J31,'CODE H VS CODE ICPE'!$A$2:$D$80,4,FALSE),"") | Y31: =IFERROR(VLOOKUP(K31,'CODE H VS CODE ICPE'!$A$2:$D$80,4,FALSE),"") | Z31: =IFERROR(VLOOKUP(L31,'CODE H VS CODE ICPE'!$A$2:$D$80,4,FALSE),"") | AA31: =IFERROR(VLOOKUP(M31,'CODE H VS CODE ICPE'!$A$2:$D$80,4,FALSE),"") | ... AG31: =IFERROR(VLOOKUP(S31,'CODE H VS CODE ICPE'!$A$2:$D$80,4,FALSE),"") | AH31: =IF(COUNTIF(T31:AG31, "Rejected") > 0, "Rejected", IF(COUNTIF(T31:AG31, "Under request") > 0, "Under request", "Accepted")) -> Accepted | AI31: =IF(T31="",0,IF(T31="Interdit",0,VLOOKUP(F31,'CODE H VS CODE ICPE'!$A$2:$E$80,5,FALSE))) -> 99999.99 | AJ31: =IF(U31="",0,IF(U31="Interdit",0,VLOOKUP(G31,'CODE H VS CODE ICPE'!$A$2:$E$80,5,FALSE))) -> 99999.99 | AK31: =IF(V31="",0,IF(V31="Interdit",0,VLOOKUP(H31,'CODE H VS CODE ICPE'!$A$2:$E$80,5,FALSE))) -> 99999.99 | AL31: =IF(W31="",0,IF(W31="Interdit",0,VLOOKUP(I31,'CODE H VS CODE ICPE'!$A$2:$E$80,5,FALSE))) -> 0 | AM31: =IF(X31="",0,IF(X31="Interdit",0,VLOOKUP(J31,'CODE H VS CODE ICPE'!$A$2:$E$80,5,FALSE))) -> 0 | AN31: =IF(Y31="",0,IF(Y31="Interdit",0,VLOOKUP(K31,'CODE H VS CODE ICPE'!$A$2:$E$80,5,FALSE))) -> 0 | AO31: =IF(Z31="",0,IF(Z31="Interdit",0,VLOOKUP(L31,'CODE H VS CODE ICPE'!$A$2:$E$80,5,FALSE))) -> 0 | AP31: =IF(AA31="",0,IF(AA31="Interdit",0,VLOOKUP(M31,'CODE H VS CODE ICPE'!$A$2:$E$80,5,FALSE))) -> 0 | ... AV31: =IF(AG31="",0,IF(AG31="Interdit",0,VLOOKUP(S31,'CODE H VS CODE ICPE'!$A$2:$E$80,5,FALSE))) -> 0 | AW31: =ADDRESS(2,MATCH(MAX(AI31:AV31),AI31:AV31,0)+COLUMN(AI31)-1) -> $AI$2 | AX31: =IF(AH31="Interdit","",IF(AW31="$AI$2",AI31,IF(AW31="$AJ$2",AJ31,IF(AW31="$AK$2",AK31,IF(AW31="$AL$2",AL31,IF(AW31="$AM$2",AM31,IF(AW31="$AN$2",AN31,IF(AW31="$AO$2",AO31,IF(AW31="$AP$2",AP31,IF(AW31="$AQ$2",AQ31,IF(AW31="$AR$2",AR31,IF(AW31="$AS$2",AS31,IF(AW31="$AT$2",AT31,IF(AW31="$AU$2",AU31,IF(AW31="$AV$2",AV31,""))))))))))))))) -> 99999.99 | AY31: =IF(AX31="","",IF(AW31="$AI$2",F31,IF(AW31="$AJ$2",G31,IF(AW31="$AK$2",H31,IF(AW31="$AL$2",I31,IF(AW31="$AM$2",J31,IF(AW31="$AN$2",K31,IF(AW31="$AO$2",L31,IF(AW31="$AP$2",M31,IF(AW31="$AQ$2",N31,IF(AW31="$AR$2",O31,IF(AW31="$AS$2",P31,IF(AW31="$AT$2",Q31,IF(AW31="$AU$2",R31,IF(AW31="$AV$2",S31,""))))))))))))))) -> H225 | AZ31: =IF(AY31="","",IF(AY31=0,"",VLOOKUP(AY31,'CODE H VS CODE ICPE'!$A$1:$E$80,3,FALSE))) -> 4331
A32: 1194 | B32: NITRITE D'ÉTHYLE EN SOLUTION | C32: 3 | D32: FT1 | E32: ETHYL NITRITE SOLUTION | F32: H225 | G32: H319 | T32: =IFERROR(VLOOKUP(F32,'CODE H VS CODE ICPE'!$A$2:$D$80,4,FALSE),"") -> Autorisé | U32: =IFERROR(VLOOKUP(G32,'CODE H VS CODE ICPE'!$A$2:$D$80,4,FALSE),"") -> Autorisé | V32: =IFERROR(VLOOKUP(H32,'CODE H VS CODE ICPE'!$A$2:$D$80,4,FALSE),"") | W32: =IFERROR(VLOOKUP(I32,'CODE H VS CODE ICPE'!$A$2:$D$80,4,FALSE),"") | X32: =IFERROR(VLOOKUP(J32,'CODE H VS CODE ICPE'!$A$2:$D$80,4,FALSE),"") | Y32: =IFERROR(VLOOKUP(K32,'CODE H VS CODE ICPE'!$A$2:$D$80,4,FALSE),"") | Z32: =IFERROR(VLOOKUP(L32,'CODE H VS CODE ICPE'!$A$2:$D$80,4,FALSE),"") | AA32: =IFERROR(VLOOKUP(M32,'CODE H VS CODE ICPE'!$A$2:$D$80,4,FALSE),"") | ... AG32: =IFERROR(VLOOKUP(S32,'CODE H VS CODE ICPE'!$A$2:$D$80,4,FALSE),"") | AH32: =IF(COUNTIF(T32:AG32, "Rejected") > 0, "Rejected", IF(COUNTIF(T32:AG32, "Under request") > 0, "Under request", "Accepted")) -> Accepted | AI32: =IF(T32="",0,IF(T32="Interdit",0,VLOOKUP(F32,'CODE H VS CODE ICPE'!$A$2:$E$80,5,FALSE))) -> 99999.99 | AJ32: =IF(U32="",0,IF(U32="Interdit",0,VLOOKUP(G32,'CODE H VS CODE ICPE'!$A$2:$E$80,5,FALSE))) -> 99999.99 | AK32: =IF(V32="",0,IF(V32="Interdit",0,VLOOKUP(H32,'CODE H VS CODE ICPE'!$A$2:$E$80,5,FALSE))) -> 0 | AL32: =IF(W32="",0,IF(W32="Interdit",0,VLOOKUP(I32,'CODE H VS CODE ICPE'!$A$2:$E$80,5,FALSE))) -> 0 | AM32: =IF(X32="",0,IF(X32="Interdit",0,VLOOKUP(J32,'CODE H VS CODE ICPE'!$A$2:$E$80,5,FALSE))) -> 0 | AN32: =IF(Y32="",0,IF(Y32="Interdit",0,VLOOKUP(K32,'CODE H VS CODE ICPE'!$A$2:$E$80,5,FALSE))) -> 0 | AO32: =IF(Z32="",0,IF(Z32="Interdit",0,VLOOKUP(L32,'CODE H VS CODE ICPE'!$A$2:$E$80,5,FALSE))) -> 0 | AP32: =IF(AA32="",0,IF(AA32="Interdit",0,VLOOKUP(M32,'CODE H VS CODE ICPE'!$A$2:$E$80,5,FALSE))) -> 0 | ... AV32: =IF(AG32="",0,IF(AG32="Interdit",0,VLOOKUP(S32,'CODE H VS CODE ICPE'!$A$2:$E$80,5,FALSE))) -> 0 | AW32: =ADDRESS(2,MATCH(MAX(AI32:AV32),AI32:AV32,0)+COLUMN(AI32)-1) -> $AI$2 | AX32: =IF(AH32="Interdit","",IF(AW32="$AI$2",AI32,IF(AW32="$AJ$2",AJ32,IF(AW32="$AK$2",AK32,IF(AW32="$AL$2",AL32,IF(AW32="$AM$2",AM32,IF(AW32="$AN$2",AN32,IF(AW32="$AO$2",AO32,IF(AW32="$AP$2",AP32,IF(AW32="$AQ$2",AQ32,IF(AW32="$AR$2",AR32,IF(AW32="$AS$2",AS32,IF(AW32="$AT$2",AT32,IF(AW32="$AU$2",AU32,IF(AW32="$AV$2",AV32,""))))))))))))))) -> 99999.99 | AY32: =IF(AX32="","",IF(AW32="$AI$2",F32,IF(AW32="$AJ$2",G32,IF(AW32="$AK$2",H32,IF(AW32="$AL$2",I32,IF(AW32="$AM$2",J32,IF(AW32="$AN$2",K32,IF(AW32="$AO$2",L32,IF(AW32="$AP$2",M32,IF(AW32="$AQ$2",N32,IF(AW32="$AR$2",O32,IF(AW32="$AS$2",P32,IF(AW32="$AT$2",Q32,IF(AW32="$AU$2",R32,IF(AW32="$AV$2",S32,""))))))))))))))) -> H225 | AZ32: =IF(AY32="","",IF(AY32=0,"",VLOOKUP(AY32,'CODE H VS CODE ICPE'!$A$1:$E$80,3,FALSE))) -> 4331
A33: 1197 | B33: EXTRAITS LIQUIDES POUR AROMATISER (pression de vapeur à 50 °C supérieure à 110 kPa ) 640C | C33: 3 | D33: F1 | E33: EXTRACTS, FLAVOURING, LIQUID (vapour pressure at 50 °C more than 110 kPa ) 640C | F33: H225 | G33: H317 | H33: H412 | T33: =IFERROR(VLOOKUP(F33,'CODE H VS CODE ICPE'!$A$2:$D$80,4,FALSE),"") -> Autorisé | U33: =IFERROR(VLOOKUP(G33,'CODE H VS CODE ICPE'!$A$2:$D$80,4,FALSE),"") -> Autorisé | V33: =IFERROR(VLOOKUP(H33,'CODE H VS CODE ICPE'!$A$2:$D$80,4,FALSE),"") -> Autorisé | W33: =IFERROR(VLOOKUP(I33,'CODE H VS CODE ICPE'!$A$2:$D$80,4,FALSE),"") | X33: =IFERROR(VLOOKUP(J33,'CODE H VS CODE ICPE'!$A$2:$D$80,4,FALSE),"") | Y33: =IFERROR(VLOOKUP(K33,'CODE H VS CODE ICPE'!$A$2:$D$80,4,FALSE),"") | Z33: =IFERROR(VLOOKUP(L33,'CODE H VS CODE ICPE'!$A$2:$D$80,4,FALSE),"") | AA33: =IFERROR(VLOOKUP(M33,'CODE H VS CODE ICPE'!$A$2:$D$80,4,FALSE),"") | ... AG33: =IFERROR(VLOOKUP(S33,'CODE H VS CODE ICPE'!$A$2:$D$80,4,FALSE),"") | AH33: =IF(COUNTIF(T33:AG33, "Rejected") > 0, "Rejected", IF(COUNTIF(T33:AG33, "Under request") > 0, "Under request", "Accepted")) -> Accepted | AI33: =IF(T33="",0,IF(T33="Interdit",0,VLOOKUP(F33,'CODE H VS CODE ICPE'!$A$2:$E$80,5,FALSE))) -> 99999.99 | AJ33: =IF(U33="",0,IF(U33="Interdit",0,VLOOKUP(G33,'CODE H VS CODE ICPE'!$A$2:$E$80,5,FALSE))) -> 99999.99 | AK33: =IF(V33="",0,IF(V33="Interdit",0,VLOOKUP(H33,'CODE H VS CODE ICPE'!$A$2:$E$80,5,FALSE))) -> 99999.99 | AL33: =IF(W33="",0,IF(W33="Interdit",0,VLOOKUP(I33,'CODE H VS CODE ICPE'!$A$2:$E$80,5,FALSE))) -> 0 | AM33: =IF(X33="",0,IF(X33="Interdit",0,VLOOKUP(J33,'CODE H VS CODE ICPE'!$A$2:$E$80,5,FALSE))) -> 0 | AN33: =IF(Y33="",0,IF(Y33="Interdit",0,VLOOKUP(K33,'CODE H VS CODE ICPE'!$A$2:$E$80,5,FALSE))) -> 0 | AO33: =IF(Z33="",0,IF(Z33="Interdit",0,VLOOKUP(L33,'CODE H VS CODE ICPE'!$A$2:$E$80,5,FALSE))) -> 0 | AP33: =IF(AA33="",0,IF(AA33="Interdit",0,VLOOKUP(M33,'CODE H VS CODE ICPE'!$A$2:$E$80,5,FALSE))) -> 0 | ... AV33: =IF(AG33="",0,IF(AG33="Interdit",0,VLOOKUP(S33,'CODE H VS CODE ICPE'!$A$2:$E$80,5,FALSE))) -> 0 | AW33: =ADDRESS(2,MATCH(MAX(AI33:AV33),AI33:AV33,0)+COLUMN(AI33)-1) -> $AI$2 | AX33: =IF(AH33="Interdit","",IF(AW33="$AI$2",AI33,IF(AW33="$AJ$2",AJ33,IF(AW33="$AK$2",AK33,IF(AW33="$AL$2",AL33,IF(AW33="$AM$2",AM33,IF(AW33="$AN$2",AN33,IF(AW33="$AO$2",AO33,IF(AW33="$AP$2",AP33,IF(AW33="$AQ$2",AQ33,IF(AW33="$AR$2",AR33,IF(AW33="$AS$2",AS33,IF(AW33="$AT$2",AT33,IF(AW33="$AU$2",AU33,IF(AW33="$AV$2",AV33,""))))))))))))))) -> 99999.99 | AY33: =IF(AX33="","",IF(AW33="$AI$2",F33,IF(AW33="$AJ$2",G33,IF(AW33="$AK$2",H33,IF(AW33="$AL$2",I33,IF(AW33="$AM$2",J33,IF(AW33="$AN$2",K33,IF(AW33="$AO$2",L33,IF(AW33="$AP$2",M33,IF(AW33="$AQ$2",N33,IF(AW33="$AR$2",O33,IF(AW33="$AS$2",P33,IF(AW33="$AT$2",Q33,IF(AW33="$AU$2",R33,IF(AW33="$AV$2",S33,""))))))))))))))) -> H225 | AZ33: =IF(AY33="","",IF(AY33=0,"",VLOOKUP(AY33,'CODE H VS CODE ICPE'!$A$1:$E$80,3,FALSE))) -> 4331
A34: 1213 | B34: ACÉTATE D'ISOBUTYLE | C34: 3 | D34: F1 | E34: ISOBUTYL ACETATE | F34: H225 | G34: H336 | T34: =IFERROR(VLOOKUP(F34,'CODE H VS CODE ICPE'!$A$2:$D$80,4,FALSE),"") -> Autorisé | U34: =IFERROR(VLOOKUP(G34,'CODE H VS CODE ICPE'!$A$2:$D$80,4,FALSE),"") -> Autorisé | V34: =IFERROR(VLOOKUP(H34,'CODE H VS CODE ICPE'!$A$2:$D$80,4,FALSE),"") | W34: =IFERROR(VLOOKUP(I34,'CODE H VS CODE ICPE'!$A$2:$D$80,4,FALSE),"") | X34: =IFERROR(VLOOKUP(J34,'CODE H VS CODE ICPE'!$A$2:$D$80,4,FALSE),"") | Y34: =IFERROR(VLOOKUP(K34,'CODE H VS CODE ICPE'!$A$2:$D$80,4,FALSE),"") | Z34: =IFERROR(VLOOKUP(L34,'CODE H VS CODE ICPE'!$A$2:$D$80,4,FALSE),"") | AA34: =IFERROR(VLOOKUP(M34,'CODE H VS CODE ICPE'!$A$2:$D$80,4,FALSE),"") | ... AG34: =IFERROR(VLOOKUP(S34,'CODE H VS CODE ICPE'!$A$2:$D$80,4,FALSE),"") | AH34: =IF(COUNTIF(T34:AG34, "Rejected") > 0, "Rejected", IF(COUNTIF(T34:AG34, "Under request") > 0, "Under request", "Accepted")) -> Accepted | AI34: =IF(T34="",0,IF(T34="Interdit",0,VLOOKUP(F34,'CODE H VS CODE ICPE'!$A$2:$E$80,5,FALSE))) -> 99999.99 | AJ34: =IF(U34="",0,IF(U34="Interdit",0,VLOOKUP(G34,'CODE H VS CODE ICPE'!$A$2:$E$80,5,FALSE))) -> 99999.99 | AK34: =IF(V34="",0,IF(V34="Interdit",0,VLOOKUP(H34,'CODE H VS CODE ICPE'!$A$2:$E$80,5,FALSE))) -> 0 | AL34: =IF(W34="",0,IF(W34="Interdit",0,VLOOKUP(I34,'CODE H VS CODE ICPE'!$A$2:$E$80,5,FALSE))) -> 0 | AM34: =IF(X34="",0,IF(X34="Interdit",0,VLOOKUP(J34,'CODE H VS CODE ICPE'!$A$2:$E$80,5,FALSE))) -> 0 | AN34: =IF(Y34="",0,IF(Y34="Interdit",0,VLOOKUP(K34,'CODE H VS CODE ICPE'!$A$2:$E$80,5,FALSE))) -> 0 | AO34: =IF(Z34="",0,IF(Z34="Interdit",0,VLOOKUP(L34,'CODE H VS CODE ICPE'!$A$2:$E$80,5,FALSE))) -> 0 | AP34: =IF(AA34="",0,IF(AA34="Interdit",0,VLOOKUP(M34,'CODE H VS CODE ICPE'!$A$2:$E$80,5,FALSE))) -> 0 | ... AV34: =IF(AG34="",0,IF(AG34="Interdit",0,VLOOKUP(S34,'CODE H VS CODE ICPE'!$A$2:$E$80,5,FALSE))) -> 0 | AW34: =ADDRESS(2,MATCH(MAX(AI34:AV34),AI34:AV34,0)+COLUMN(AI34)-1) -> $AI$2 | AX34: =IF(AH34="Interdit","",IF(AW34="$AI$2",AI34,IF(AW34="$AJ$2",AJ34,IF(AW34="$AK$2",AK34,IF(AW34="$AL$2",AL34,IF(AW34="$AM$2",AM34,IF(AW34="$AN$2",AN34,IF(AW34="$AO$2",AO34,IF(AW34="$AP$2",AP34,IF(AW34="$AQ$2",AQ34,IF(AW34="$AR$2",AR34,IF(AW34="$AS$2",AS34,IF(AW34="$AT$2",AT34,IF(AW34="$AU$2",AU34,IF(AW34="$AV$2",AV34,""))))))))))))))) -> 99999.99 | AY34: =IF(AX34="","",IF(AW34="$AI$2",F34,IF(AW34="$AJ$2",G34,IF(AW34="$AK$2",H34,IF(AW34="$AL$2",I34,IF(AW34="$AM$2",J34,IF(AW34="$AN$2",K34,IF(AW34="$AO$2",L34,IF(AW34="$AP$2",M34,IF(AW34="$AQ$2",N34,IF(AW34="$AR$2",O34,IF(AW34="$AS$2",P34,IF(AW34="$AT$2",Q34,IF(AW34="$AU$2",R34,IF(AW34="$AV$2",S34,""))))))))))))))) -> H225 | AZ34: =IF(AY34="","",IF(AY34=0,"",VLOOKUP(AY34,'CODE H VS CODE ICPE'!$A$1:$E$80,3,FALSE))) -> 4331
A35: 1219 | B35: ISOPROPANOL (ALCOOL ISOPROPYLIQUE) | C35: 3 | D35: F1 | E35: ISOPROPANOL (ISOPROPYL ALCOHOL) | F35: H225 | G35: H319 | H35: H336 | T35: =IFERROR(VLOOKUP(F35,'CODE H VS CODE ICPE'!$A$2:$D$80,4,FALSE),"") -> Autorisé | U35: =IFERROR(VLOOKUP(G35,'CODE H VS CODE ICPE'!$A$2:$D$80,4,FALSE),"") -> Autorisé | V35: =IFERROR(VLOOKUP(H35,'CODE H VS CODE ICPE'!$A$2:$D$80,4,FALSE),"") -> Autorisé | W35: =IFERROR(VLOOKUP(I35,'CODE H VS CODE ICPE'!$A$2:$D$80,4,FALSE),"") | X35: =IFERROR(VLOOKUP(J35,'CODE H VS CODE ICPE'!$A$2:$D$80,4,FALSE),"") | Y35: =IFERROR(VLOOKUP(K35,'CODE H VS CODE ICPE'!$A$2:$D$80,4,FALSE),"") | Z35: =IFERROR(VLOOKUP(L35,'CODE H VS CODE ICPE'!$A$2:$D$80,4,FALSE),"") | AA35: =IFERROR(VLOOKUP(M35,'CODE H VS CODE ICPE'!$A$2:$D$80,4,FALSE),"") | ... AG35: =IFERROR(VLOOKUP(S35,'CODE H VS CODE ICPE'!$A$2:$D$80,4,FALSE),"") | AH35: =IF(COUNTIF(T35:AG35, "Rejected") > 0, "Rejected", IF(COUNTIF(T35:AG35, "Under request") > 0, "Under request", "Accepted")) -> Accepted | AI35: =IF(T35="",0,IF(T35="Interdit",0,VLOOKUP(F35,'CODE H VS CODE ICPE'!$A$2:$E$80,5,FALSE))) -> 99999.99 | AJ35: =IF(U35="",0,IF(U35="Interdit",0,VLOOKUP(G35,'CODE H VS CODE ICPE'!$A$2:$E$80,5,FALSE))) -> 99999.99 | AK35: =IF(V35="",0,IF(V35="Interdit",0,VLOOKUP(H35,'CODE H VS CODE ICPE'!$A$2:$E$80,5,FALSE))) -> 99999.99 | AL35: =IF(W35="",0,IF(W35="Interdit",0,VLOOKUP(I35,'CODE H VS CODE ICPE'!$A$2:$E$80,5,FALSE))) -> 0 | AM35: =IF(X35="",0,IF(X35="Interdit",0,VLOOKUP(J35,'CODE H VS CODE ICPE'!$A$2:$E$80,5,FALSE))) -> 0 | AN35: =IF(Y35="",0,IF(Y35="Interdit",0,VLOOKUP(K35,'CODE H VS CODE ICPE'!$A$2:$E$80,5,FALSE))) -> 0 | AO35: =IF(Z35="",0,IF(Z35="Interdit",0,VLOOKUP(L35,'CODE H VS CODE ICPE'!$A$2:$E$80,5,FALSE))) -> 0 | AP35: =IF(AA35="",0,IF(AA35="Interdit",0,VLOOKUP(M35,'CODE H VS CODE ICPE'!$A$2:$E$80,5,FALSE))) -> 0 | ... AV35: =IF(AG35="",0,IF(AG35="Interdit",0,VLOOKUP(S35,'CODE H VS CODE ICPE'!$A$2:$E$80,5,FALSE))) -> 0 | AW35: =ADDRESS(2,MATCH(MAX(AI35:AV35),AI35:AV35,0)+COLUMN(AI35)-1) -> $AI$2 | AX35: =IF(AH35="Interdit","",IF(AW35="$AI$2",AI35,IF(AW35="$AJ$2",AJ35,IF(AW35="$AK$2",AK35,IF(AW35="$AL$2",AL35,IF(AW35="$AM$2",AM35,IF(AW35="$AN$2",AN35,IF(AW35="$AO$2",AO35,IF(AW35="$AP$2",AP35,IF(AW35="$AQ$2",AQ35,IF(AW35="$AR$2",AR35,IF(AW35="$AS$2",AS35,IF(AW35="$AT$2",AT35,IF(AW35="$AU$2",AU35,IF(AW35="$AV$2",AV35,""))))))))))))))) -> 99999.99 | AY35: =IF(AX35="","",IF(AW35="$AI$2",F35,IF(AW35="$AJ$2",G35,IF(AW35="$AK$2",H35,IF(AW35="$AL$2",I35,IF(AW35="$AM$2",J35,IF(AW35="$AN$2",K35,IF(AW35="$AO$2",L35,IF(AW35="$AP$2",M35,IF(AW35="$AQ$2",N35,IF(AW35="$AR$2",O35,IF(AW35="$AS$2",P35,IF(AW35="$AT$2",Q35,IF(AW35="$AU$2",R35,IF(AW35="$AV$2",S35,""))))))))))))))) -> H225 | AZ35: =IF(AY35="","",IF(AY35=0,"",VLOOKUP(AY35,'CODE H VS CODE ICPE'!$A$1:$E$80,3,FALSE))) -> 4331
A36: 1220 | B36: ACÉTATE D'ISOPROPYLE | C36: 3 | D36: F1 | E36: ISOPROPYL ACETATE | F36: H225 | G36: H319 | H36: H336 | T36: =IFERROR(VLOOKUP(F36,'CODE H VS CODE ICPE'!$A$2:$D$80,4,FALSE),"") -> Autorisé | U36: =IFERROR(VLOOKUP(G36,'CODE H VS CODE ICPE'!$A$2:$D$80,4,FALSE),"") -> Autorisé | V36: =IFERROR(VLOOKUP(H36,'CODE H VS CODE ICPE'!$A$2:$D$80,4,FALSE),"") -> Autorisé | W36: =IFERROR(VLOOKUP(I36,'CODE H VS CODE ICPE'!$A$2:$D$80,4,FALSE),"") | X36: =IFERROR(VLOOKUP(J36,'CODE H VS CODE ICPE'!$A$2:$D$80,4,FALSE),"") | Y36: =IFERROR(VLOOKUP(K36,'CODE H VS CODE ICPE'!$A$2:$D$80,4,FALSE),"") | Z36: =IFERROR(VLOOKUP(L36,'CODE H VS CODE ICPE'!$A$2:$D$80,4,FALSE),"") | AA36: =IFERROR(VLOOKUP(M36,'CODE H VS CODE ICPE'!$A$2:$D$80,4,FALSE),"") | ... AG36: =IFERROR(VLOOKUP(S36,'CODE H VS CODE ICPE'!$A$2:$D$80,4,FALSE),"") | AH36: =IF(COUNTIF(T36:AG36, "Rejected") > 0, "Rejected", IF(COUNTIF(T36:AG36, "Under request") > 0, "Under request", "Accepted")) -> Accepted | AI36: =IF(T36="",0,IF(T36="Interdit",0,VLOOKUP(F36,'CODE H VS CODE ICPE'!$A$2:$E$80,5,FALSE))) -> 99999.99 | AJ36: =IF(U36="",0,IF(U36="Interdit",0,VLOOKUP(G36,'CODE H VS CODE ICPE'!$A$2:$E$80,5,FALSE))) -> 99999.99 | AK36: =IF(V36="",0,IF(V36="Interdit",0,VLOOKUP(H36,'CODE H VS CODE ICPE'!$A$2:$E$80,5,FALSE))) -> 99999.99 | AL36: =IF(W36="",0,IF(W36="Interdit",0,VLOOKUP(I36,'CODE H VS CODE ICPE'!$A$2:$E$80,5,FALSE))) -> 0 | AM36: =IF(X36="",0,IF(X36="Interdit",0,VLOOKUP(J36,'CODE H VS CODE ICPE'!$A$2:$E$80,5,FALSE))) -> 0 | AN36: =IF(Y36="",0,IF(Y36="Interdit",0,VLOOKUP(K36,'CODE H VS CODE ICPE'!$A$2:$E$80,5,FALSE))) -> 0 | AO36: =IF(Z36="",0,IF(Z36="Interdit",0,VLOOKUP(L36,'CODE H VS CODE ICPE'!$A$2:$E$80,5,FALSE))) -> 0 | AP36: =IF(AA36="",0,IF(AA36="Interdit",0,VLOOKUP(M36,'CODE H VS CODE ICPE'!$A$2:$E$80,5,FALSE))) -> 0 | ... AV36: =IF(AG36="",0,IF(AG36="Interdit",0,VLOOKUP(S36,'CODE H VS CODE ICPE'!$A$2:$E$80,5,FALSE))) -> 0 | AW36: =ADDRESS(2,MATCH(MAX(AI36:AV36),AI36:AV36,0)+COLUMN(AI36)-1) -> $AI$2 | AX36: =IF(AH36="Interdit","",IF(AW36="$AI$2",AI36,IF(AW36="$AJ$2",AJ36,IF(AW36="$AK$2",AK36,IF(AW36="$AL$2",AL36,IF(AW36="$AM$2",AM36,IF(AW36="$AN$2",AN36,IF(AW36="$AO$2",AO36,IF(AW36="$AP$2",AP36,IF(AW36="$AQ$2",AQ36,IF(AW36="$AR$2",AR36,IF(AW36="$AS$2",AS36,IF(AW36="$AT$2",AT36,IF(AW36="$AU$2",AU36,IF(AW36="$AV$2",AV36,""))))))))))))))) -> 99999.99 | AY36: =IF(AX36="","",IF(AW36="$AI$2",F36,IF(AW36="$AJ$2",G36,IF(AW36="$AK$2",H36,IF(AW36="$AL$2",I36,IF(AW36="$AM$2",J36,IF(AW36="$AN$2",K36,IF(AW36="$AO$2",L36,IF(AW36="$AP$2",M36,IF(AW36="$AQ$2",N36,IF(AW36="$AR$2",O36,IF(AW36="$AS$2",P36,IF(AW36="$AT$2",Q36,IF(AW36="$AU$2",R36,IF(AW36="$AV$2",S36,""))))))))))))))) -> H225 | AZ36: =IF(AY36="","",IF(AY36=0,"",VLOOKUP(AY36,'CODE H VS CODE ICPE'!$A$1:$E$80,3,FALSE))) -> 4331
A37: 1222 | B37: NITRATE D'ISOPROPYLE | C37: 3 | D37: F1 | E37: ISOPROPYL NITRATE | F37: H225 | T37: =IFERROR(VLOOKUP(F37,'CODE H VS CODE ICPE'!$A$2:$D$80,4,FALSE),"") -> Autorisé | U37: =IFERROR(VLOOKUP(G37,'CODE H VS CODE ICPE'!$A$2:$D$80,4,FALSE),"") | V37: =IFERROR(VLOOKUP(H37,'CODE H VS CODE ICPE'!$A$2:$D$80,4,FALSE),"") | W37: =IFERROR(VLOOKUP(I37,'CODE H VS CODE ICPE'!$A$2:$D$80,4,FALSE),"") | X37: =IFERROR(VLOOKUP(J37,'CODE H VS CODE ICPE'!$A$2:$D$80,4,FALSE),"") | Y37: =IFERROR(VLOOKUP(K37,'CODE H VS CODE ICPE'!$A$2:$D$80,4,FALSE),"") | Z37: =IFERROR(VLOOKUP(L37,'CODE H VS CODE ICPE'!$A$2:$D$80,4,FALSE),"") | AA37: =IFERROR(VLOOKUP(M37,'CODE H VS CODE ICPE'!$A$2:$D$80,4,FALSE),"") | ... AG37: =IFERROR(VLOOKUP(S37,'CODE H VS CODE ICPE'!$A$2:$D$80,4,FALSE),"") | AH37: =IF(COUNTIF(T37:AG37, "Rejected") > 0, "Rejected", IF(COUNTIF(T37:AG37, "Under request") > 0, "Under request", "Accepted")) -> Accepted | AI37: =IF(T37="",0,IF(T37="Interdit",0,VLOOKUP(F37,'CODE H VS CODE ICPE'!$A$2:$E$80,5,FALSE))) -> 99999.99 | AJ37: =IF(U37="",0,IF(U37="Interdit",0,VLOOKUP(G37,'CODE H VS CODE ICPE'!$A$2:$E$80,5,FALSE))) -> 0 | AK37: =IF(V37="",0,IF(V37="Interdit",0,VLOOKUP(H37,'CODE H VS CODE ICPE'!$A$2:$E$80,5,FALSE))) -> 0 | AL37: =IF(W37="",0,IF(W37="Interdit",0,VLOOKUP(I37,'CODE H VS CODE ICPE'!$A$2:$E$80,5,FALSE))) -> 0 | AM37: =IF(X37="",0,IF(X37="Interdit",0,VLOOKUP(J37,'CODE H VS CODE ICPE'!$A$2:$E$80,5,FALSE))) -> 0 | AN37: =IF(Y37="",0,IF(Y37="Interdit",0,VLOOKUP(K37,'CODE H VS CODE ICPE'!$A$2:$E$80,5,FALSE))) -> 0 | AO37: =IF(Z37="",0,IF(Z37="Interdit",0,VLOOKUP(L37,'CODE H VS CODE ICPE'!$A$2:$E$80,5,FALSE))) -> 0 | AP37: =IF(AA37="",0,IF(AA37="Interdit",0,VLOOKUP(M37,'CODE H VS CODE ICPE'!$A$2:$E$80,5,FALSE))) -> 0 | ... AV37: =IF(AG37="",0,IF(AG37="Interdit",0,VLOOKUP(S37,'CODE H VS CODE ICPE'!$A$2:$E$80,5,FALSE))) -> 0 | AW37: =ADDRESS(2,MATCH(MAX(AI37:AV37),AI37:AV37,0)+COLUMN(AI37)-1) -> $AI$2 | AX37: =IF(AH37="Interdit","",IF(AW37="$AI$2",AI37,IF(AW37="$AJ$2",AJ37,IF(AW37="$AK$2",AK37,IF(AW37="$AL$2",AL37,IF(AW37="$AM$2",AM37,IF(AW37="$AN$2",AN37,IF(AW37="$AO$2",AO37,IF(AW37="$AP$2",AP37,IF(AW37="$AQ$2",AQ37,IF(AW37="$AR$2",AR37,IF(AW37="$AS$2",AS37,IF(AW37="$AT$2",AT37,IF(AW37="$AU$2",AU37,IF(AW37="$AV$2",AV37,""))))))))))))))) -> 99999.99 | AY37: =IF(AX37="","",IF(AW37="$AI$2",F37,IF(AW37="$AJ$2",G37,IF(AW37="$AK$2",H37,IF(AW37="$AL$2",I37,IF(AW37="$AM$2",J37,IF(AW37="$AN$2",K37,IF(AW37="$AO$2",L37,IF(AW37="$AP$2",M37,IF(AW37="$AQ$2",N37,IF(AW37="$AR$2",O37,IF(AW37="$AS$2",P37,IF(AW37="$AT$2",Q37,IF(AW37="$AU$2",R37,IF(AW37="$AV$2",S37,""))))))))))))))) -> H225 | AZ37: =IF(AY37="","",IF(AY37=0,"",VLOOKUP(AY37,'CODE H VS CODE ICPE'!$A$1:$E$80,3,FALSE))) -> 4331
A38: 1224 | B38: CÉTONES LIQUIDES, N.S.A. | C38: 3 | D38: F1 | E38: KETONES, LIQUID, N.O.S. | F38: H226 | G38: H302 | H38: H319 | T38: =IFERROR(VLOOKUP(F38,'CODE H VS CODE ICPE'!$A$2:$D$80,4,FALSE),"") -> Autorisé | U38: =IFERROR(VLOOKUP(G38,'CODE H VS CODE ICPE'!$A$2:$D$80,4,FALSE),"") -> Autorisé | V38: =IFERROR(VLOOKUP(H38,'CODE H VS CODE ICPE'!$A$2:$D$80,4,FALSE),"") -> Autorisé | W38: =IFERROR(VLOOKUP(I38,'CODE H VS CODE ICPE'!$A$2:$D$80,4,FALSE),"") | X38: =IFERROR(VLOOKUP(J38,'CODE H VS CODE ICPE'!$A$2:$D$80,4,FALSE),"") | Y38: =IFERROR(VLOOKUP(K38,'CODE H VS CODE ICPE'!$A$2:$D$80,4,FALSE),"") | Z38: =IFERROR(VLOOKUP(L38,'CODE H VS CODE ICPE'!$A$2:$D$80,4,FALSE),"") | AA38: =IFERROR(VLOOKUP(M38,'CODE H VS CODE ICPE'!$A$2:$D$80,4,FALSE),"") | ... AG38: =IFERROR(VLOOKUP(S38,'CODE H VS CODE ICPE'!$A$2:$D$80,4,FALSE),"") | AH38: =IF(COUNTIF(T38:AG38, "Rejected") > 0, "Rejected", IF(COUNTIF(T38:AG38, "Under request") > 0, "Under request", "Accepted")) -> Accepted | AI38: =IF(T38="",0,IF(T38="Interdit",0,VLOOKUP(F38,'CODE H VS CODE ICPE'!$A$2:$E$80,5,FALSE))) -> 99999.99 | AJ38: =IF(U38="",0,IF(U38="Interdit",0,VLOOKUP(G38,'CODE H VS CODE ICPE'!$A$2:$E$80,5,FALSE))) -> 99999.99 | AK38: =IF(V38="",0,IF(V38="Interdit",0,VLOOKUP(H38,'CODE H VS CODE ICPE'!$A$2:$E$80,5,FALSE))) -> 99999.99 | AL38: =IF(W38="",0,IF(W38="Interdit",0,VLOOKUP(I38,'CODE H VS CODE ICPE'!$A$2:$E$80,5,FALSE))) -> 0 | AM38: =IF(X38="",0,IF(X38="Interdit",0,VLOOKUP(J38,'CODE H VS CODE ICPE'!$A$2:$E$80,5,FALSE))) -> 0 | AN38: =IF(Y38="",0,IF(Y38="Interdit",0,VLOOKUP(K38,'CODE H VS CODE ICPE'!$A$2:$E$80,5,FALSE))) -> 0 | AO38: =IF(Z38="",0,IF(Z38="Interdit",0,VLOOKUP(L38,'CODE H VS CODE ICPE'!$A$2:$E$80,5,FALSE))) -> 0 | AP38: =IF(AA38="",0,IF(AA38="Interdit",0,VLOOKUP(M38,'CODE H VS CODE ICPE'!$A$2:$E$80,5,FALSE))) -> 0 | ... AV38: =IF(AG38="",0,IF(AG38="Interdit",0,VLOOKUP(S38,'CODE H VS CODE ICPE'!$A$2:$E$80,5,FALSE))) -> 0 | AW38: =ADDRESS(2,MATCH(MAX(AI38:AV38),AI38:AV38,0)+COLUMN(AI38)-1) -> $AI$2 | AX38: =IF(AH38="Interdit","",IF(AW38="$AI$2",AI38,IF(AW38="$AJ$2",AJ38,IF(AW38="$AK$2",AK38,IF(AW38="$AL$2",AL38,IF(AW38="$AM$2",AM38,IF(AW38="$AN$2",AN38,IF(AW38="$AO$2",AO38,IF(AW38="$AP$2",AP38,IF(AW38="$AQ$2",AQ38,IF(AW38="$AR$2",AR38,IF(AW38="$AS$2",AS38,IF(AW38="$AT$2",AT38,IF(AW38="$AU$2",AU38,IF(AW38="$AV$2",AV38,""))))))))))))))) -> 99999.99 | AY38: =IF(AX38="","",IF(AW38="$AI$2",F38,IF(AW38="$AJ$2",G38,IF(AW38="$AK$2",H38,IF(AW38="$AL$2",I38,IF(AW38="$AM$2",J38,IF(AW38="$AN$2",K38,IF(AW38="$AO$2",L38,IF(AW38="$AP$2",M38,IF(AW38="$AQ$2",N38,IF(AW38="$AR$2",O38,IF(AW38="$AS$2",P38,IF(AW38="$AT$2",Q38,IF(AW38="$AU$2",R38,IF(AW38="$AV$2",S38,""))))))))))))))) -> H226 | AZ38: =IF(AY38="","",IF(AY38=0,"",VLOOKUP(AY38,'CODE H VS CODE ICPE'!$A$1:$E$80,3,FALSE))) -> 4331
A39: 1228 | B39: MERCAPTANS LIQUIDES INFLAMMABLES, TOXIQUES, N.S.A. ou MERCAPTANS EN MÉLANGE LIQUIDE INFLAMMABLE, TOXIQUE, N.S.A. | C39: 3 | D39: FT1 | E39: MERCAPTANS, LIQUID, FLAMMABLE, TOXIC, N.O.S. or MERCAPTAN MIXTURE, LIQUID, FLAMMABLE, TOXIC, N.O.S. | F39: H226 | T39: =IFERROR(VLOOKUP(F39,'CODE H VS CODE ICPE'!$A$2:$D$80,4,FALSE),"") -> Autorisé | U39: =IFERROR(VLOOKUP(G39,'CODE H VS CODE ICPE'!$A$2:$D$80,4,FALSE),"") | V39: =IFERROR(VLOOKUP(H39,'CODE H VS CODE ICPE'!$A$2:$D$80,4,FALSE),"") | W39: =IFERROR(VLOOKUP(I39,'CODE H VS CODE ICPE'!$A$2:$D$80,4,FALSE),"") | X39: =IFERROR(VLOOKUP(J39,'CODE H VS CODE ICPE'!$A$2:$D$80,4,FALSE),"") | Y39: =IFERROR(VLOOKUP(K39,'CODE H VS CODE ICPE'!$A$2:$D$80,4,FALSE),"") | Z39: =IFERROR(VLOOKUP(L39,'CODE H VS CODE ICPE'!$A$2:$D$80,4,FALSE),"") | AA39: =IFERROR(VLOOKUP(M39,'CODE H VS CODE ICPE'!$A$2:$D$80,4,FALSE),"") | ... AG39: =IFERROR(VLOOKUP(S39,'CODE H VS CODE ICPE'!$A$2:$D$80,4,FALSE),"") | AH39: =IF(COUNTIF(T39:AG39, "Rejected") > 0, "Rejected", IF(COUNTIF(T39:AG39, "Under request") > 0, "Under request", "Accepted")) -> Accepted | AI39: =IF(T39="",0,IF(T39="Interdit",0,VLOOKUP(F39,'CODE H VS CODE ICPE'!$A$2:$E$80,5,FALSE))) -> 99999.99 | AJ39: =IF(U39="",0,IF(U39="Interdit",0,VLOOKUP(G39,'CODE H VS CODE ICPE'!$A$2:$E$80,5,FALSE))) -> 0 | AK39: =IF(V39="",0,IF(V39="Interdit",0,VLOOKUP(H39,'CODE H VS CODE ICPE'!$A$2:$E$80,5,FALSE))) -> 0 | AL39: =IF(W39="",0,IF(W39="Interdit",0,VLOOKUP(I39,'CODE H VS CODE ICPE'!$A$2:$E$80,5,FALSE))) -> 0 | AM39: =IF(X39="",0,IF(X39="Interdit",0,VLOOKUP(J39,'CODE H VS CODE ICPE'!$A$2:$E$80,5,FALSE))) -> 0 | AN39: =IF(Y39="",0,IF(Y39="Interdit",0,VLOOKUP(K39,'CODE H VS CODE ICPE'!$A$2:$E$80,5,FALSE))) -> 0 | AO39: =IF(Z39="",0,IF(Z39="Interdit",0,VLOOKUP(L39,'CODE H VS CODE ICPE'!$A$2:$E$80,5,FALSE))) -> 0 | AP39: =IF(AA39="",0,IF(AA39="Interdit",0,VLOOKUP(M39,'CODE H VS CODE ICPE'!$A$2:$E$80,5,FALSE))) -> 0 | ... AV39: =IF(AG39="",0,IF(AG39="Interdit",0,VLOOKUP(S39,'CODE H VS CODE ICPE'!$A$2:$E$80,5,FALSE))) -> 0 | AW39: =ADDRESS(2,MATCH(MAX(AI39:AV39),AI39:AV39,0)+COLUMN(AI39)-1) -> $AI$2 | AX39: =IF(AH39="Interdit","",IF(AW39="$AI$2",AI39,IF(AW39="$AJ$2",AJ39,IF(AW39="$AK$2",AK39,IF(AW39="$AL$2",AL39,IF(AW39="$AM$2",AM39,IF(AW39="$AN$2",AN39,IF(AW39="$AO$2",AO39,IF(AW39="$AP$2",AP39,IF(AW39="$AQ$2",AQ39,IF(AW39="$AR$2",AR39,IF(AW39="$AS$2",AS39,IF(AW39="$AT$2",AT39,IF(AW39="$AU$2",AU39,IF(AW39="$AV$2",AV39,""))))))))))))))) -> 99999.99 | AY39: =IF(AX39="","",IF(AW39="$AI$2",F39,IF(AW39="$AJ$2",G39,IF(AW39="$AK$2",H39,IF(AW39="$AL$2",I39,IF(AW39="$AM$2",J39,IF(AW39="$AN$2",K39,IF(AW39="$AO$2",L39,IF(AW39="$AP$2",M39,IF(AW39="$AQ$2",N39,IF(AW39="$AR$2",O39,IF(AW39="$AS$2",P39,IF(AW39="$AT$2",Q39,IF(AW39="$AU$2",R39,IF(AW39="$AV$2",S39,""))))))))))))))) -> H226 | AZ39: =IF(AY39="","",IF(AY39=0,"",VLOOKUP(AY39,'CODE H VS CODE ICPE'!$A$1:$E$80,3,FALSE))) -> 4331
A40: 1231 | B40: ACÉTATE DE MÉTHYLE | C40: 3 | D40: F1 | E40: METHYL ACETATE | F40: H225 | G40: H319 | H40: H336 | T40: =IFERROR(VLOOKUP(F40,'CODE H VS CODE ICPE'!$A$2:$D$80,4,FALSE),"") -> Autorisé | U40: =IFERROR(VLOOKUP(G40,'CODE H VS CODE ICPE'!$A$2:$D$80,4,FALSE),"") -> Autorisé | V40: =IFERROR(VLOOKUP(H40,'CODE H VS CODE ICPE'!$A$2:$D$80,4,FALSE),"") -> Autorisé | W40: =IFERROR(VLOOKUP(I40,'CODE H VS CODE ICPE'!$A$2:$D$80,4,FALSE),"") | X40: =IFERROR(VLOOKUP(J40,'CODE H VS CODE ICPE'!$A$2:$D$80,4,FALSE),"") | Y40: =IFERROR(VLOOKUP(K40,'CODE H VS CODE ICPE'!$A$2:$D$80,4,FALSE),"") | Z40: =IFERROR(VLOOKUP(L40,'CODE H VS CODE ICPE'!$A$2:$D$80,4,FALSE),"") | AA40: =IFERROR(VLOOKUP(M40,'CODE H VS CODE ICPE'!$A$2:$D$80,4,FALSE),"") | ... AG40: =IFERROR(VLOOKUP(S40,'CODE H VS CODE ICPE'!$A$2:$D$80,4,FALSE),"") | AH40: =IF(COUNTIF(T40:AG40, "Rejected") > 0, "Rejected", IF(COUNTIF(T40:AG40, "Under request") > 0, "Under request", "Accepted")) -> Accepted | AI40: =IF(T40="",0,IF(T40="Interdit",0,VLOOKUP(F40,'CODE H VS CODE ICPE'!$A$2:$E$80,5,FALSE))) -> 99999.99 | AJ40: =IF(U40="",0,IF(U40="Interdit",0,VLOOKUP(G40,'CODE H VS CODE ICPE'!$A$2:$E$80,5,FALSE))) -> 99999.99 | AK40: =IF(V40="",0,IF(V40="Interdit",0,VLOOKUP(H40,'CODE H VS CODE ICPE'!$A$2:$E$80,5,FALSE))) -> 99999.99 | AL40: =IF(W40="",0,IF(W40="Interdit",0,VLOOKUP(I40,'CODE H VS CODE ICPE'!$A$2:$E$80,5,FALSE))) -> 0 | AM40: =IF(X40="",0,IF(X40="Interdit",0,VLOOKUP(J40,'CODE H VS CODE ICPE'!$A$2:$E$80,5,FALSE))) -> 0 | AN40: =IF(Y40="",0,IF(Y40="Interdit",0,VLOOKUP(K40,'CODE H VS CODE ICPE'!$A$2:$E$80,5,FALSE))) -> 0 | AO40: =IF(Z40="",0,IF(Z40="Interdit",0,VLOOKUP(L40,'CODE H VS CODE ICPE'!$A$2:$E$80,5,FALSE))) -> 0 | AP40: =IF(AA40="",0,IF(AA40="Interdit",0,VLOOKUP(M40,'CODE H VS CODE ICPE'!$A$2:$E$80,5,FALSE))) -> 0 | ... AV40: =IF(AG40="",0,IF(AG40="Interdit",0,VLOOKUP(S40,'CODE H VS CODE ICPE'!$A$2:$E$80,5,FALSE))) -> 0 | AW40: =ADDRESS(2,MATCH(MAX(AI40:AV40),AI40:AV40,0)+COLUMN(AI40)-1) -> $AI$2 | AX40: =IF(AH40="Interdit","",IF(AW40="$AI$2",AI40,IF(AW40="$AJ$2",AJ40,IF(AW40="$AK$2",AK40,IF(AW40="$AL$2",AL40,IF(AW40="$AM$2",AM40,IF(AW40="$AN$2",AN40,IF(AW40="$AO$2",AO40,IF(AW40="$AP$2",AP40,IF(AW40="$AQ$2",AQ40,IF(AW40="$AR$2",AR40,IF(AW40="$AS$2",AS40,IF(AW40="$AT$2",AT40,IF(AW40="$AU$2",AU40,IF(AW40="$AV$2",AV40,""))))))))))))))) -> 99999.99 | AY40: =IF(AX40="","",IF(AW40="$AI$2",F40,IF(AW40="$AJ$2",G40,IF(AW40="$AK$2",H40,IF(AW40="$AL$2",I40,IF(AW40="$AM$2",J40,IF(AW40="$AN$2",K40,IF(AW40="$AO$2",L40,IF(AW40="$AP$2",M40,IF(AW40="$AQ$2",N40,IF(AW40="$AR$2",O40,IF(AW40="$AS$2",P40,IF(AW40="$AT$2",Q40,IF(AW40="$AU$2",R40,IF(AW40="$AV$2",S40,""))))))))))))))) -> H225 | AZ40: =IF(AY40="","",IF(AY40=0,"",VLOOKUP(AY40,'CODE H VS CODE ICPE'!$A$1:$E$80,3,FALSE))) -> 4331
A41: 1233 | B41: ACÉTATE DE MÉTHYLAMYLE | C41: 3 | D41: F1 | E41: METHYLAMYL ACETATE | F41: H225 | G41: H319 | H41: H336 | T41: =IFERROR(VLOOKUP(F41,'CODE H VS CODE ICPE'!$A$2:$D$80,4,FALSE),"") -> Autorisé | U41: =IFERROR(VLOOKUP(G41,'CODE H VS CODE ICPE'!$A$2:$D$80,4,FALSE),"") -> Autorisé | V41: =IFERROR(VLOOKUP(H41,'CODE H VS CODE ICPE'!$A$2:$D$80,4,FALSE),"") -> Autorisé | W41: =IFERROR(VLOOKUP(I41,'CODE H VS CODE ICPE'!$A$2:$D$80,4,FALSE),"") | X41: =IFERROR(VLOOKUP(J41,'CODE H VS CODE ICPE'!$A$2:$D$80,4,FALSE),"") | Y41: =IFERROR(VLOOKUP(K41,'CODE H VS CODE ICPE'!$A$2:$D$80,4,FALSE),"") | Z41: =IFERROR(VLOOKUP(L41,'CODE H VS CODE ICPE'!$A$2:$D$80,4,FALSE),"") | AA41: =IFERROR(VLOOKUP(M41,'CODE H VS CODE ICPE'!$A$2:$D$80,4,FALSE),"") | ... AG41: =IFERROR(VLOOKUP(S41,'CODE H VS CODE ICPE'!$A$2:$D$80,4,FALSE),"") | AH41: =IF(COUNTIF(T41:AG41, "Rejected") > 0, "Rejected", IF(COUNTIF(T41:AG41, "Under request") > 0, "Under request", "Accepted")) -> Accepted | AI41: =IF(T41="",0,IF(T41="Interdit",0,VLOOKUP(F41,'CODE H VS CODE ICPE'!$A$2:$E$80,5,FALSE))) -> 99999.99 | AJ41: =IF(U41="",0,IF(U41="Interdit",0,VLOOKUP(G41,'CODE H VS CODE ICPE'!$A$2:$E$80,5,FALSE))) -> 99999.99 | AK41: =IF(V41="",0,IF(V41="Interdit",0,VLOOKUP(H41,'CODE H VS CODE ICPE'!$A$2:$E$80,5,FALSE))) -> 99999.99 | AL41: =IF(W41="",0,IF(W41="Interdit",0,VLOOKUP(I41,'CODE H VS CODE ICPE'!$A$2:$E$80,5,FALSE))) -> 0 | AM41: =IF(X41="",0,IF(X41="Interdit",0,VLOOKUP(J41,'CODE H VS CODE ICPE'!$A$2:$E$80,5,FALSE))) -> 0 | AN41: =IF(Y41="",0,IF(Y41="Interdit",0,VLOOKUP(K41,'CODE H VS CODE ICPE'!$A$2:$E$80,5,FALSE))) -> 0 | AO41: =IF(Z41="",0,IF(Z41="Interdit",0,VLOOKUP(L41,'CODE H VS CODE ICPE'!$A$2:$E$80,5,FALSE))) -> 0 | AP41: =IF(AA41="",0,IF(AA41="Interdit",0,VLOOKUP(M41,'CODE H VS CODE ICPE'!$A$2:$E$80,5,FALSE))) -> 0 | ... AV41: =IF(AG41="",0,IF(AG41="Interdit",0,VLOOKUP(S41,'CODE H VS CODE ICPE'!$A$2:$E$80,5,FALSE))) -> 0 | AW41: =ADDRESS(2,MATCH(MAX(AI41:AV41),AI41:AV41,0)+COLUMN(AI41)-1) -> $AI$2 | AX41: =IF(AH41="Interdit","",IF(AW41="$AI$2",AI41,IF(AW41="$AJ$2",AJ41,IF(AW41="$AK$2",AK41,IF(AW41="$AL$2",AL41,IF(AW41="$AM$2",AM41,IF(AW41="$AN$2",AN41,IF(AW41="$AO$2",AO41,IF(AW41="$AP$2",AP41,IF(AW41="$AQ$2",AQ41,IF(AW41="$AR$2",AR41,IF(AW41="$AS$2",AS41,IF(AW41="$AT$2",AT41,IF(AW41="$AU$2",AU41,IF(AW41="$AV$2",AV41,""))))))))))))))) -> 99999.99 | AY41: =IF(AX41="","",IF(AW41="$AI$2",F41,IF(AW41="$AJ$2",G41,IF(AW41="$AK$2",H41,IF(AW41="$AL$2",I41,IF(AW41="$AM$2",J41,IF(AW41="$AN$2",K41,IF(AW41="$AO$2",L41,IF(AW41="$AP$2",M41,IF(AW41="$AQ$2",N41,IF(AW41="$AR$2",O41,IF(AW41="$AS$2",P41,IF(AW41="$AT$2",Q41,IF(AW41="$AU$2",R41,IF(AW41="$AV$2",S41,""))))))))))))))) -> H225 | AZ41: =IF(AY41="","",IF(AY41=0,"",VLOOKUP(AY41,'CODE H VS CODE ICPE'!$A$1:$E$80,3,FALSE))) -> 4331
A42: 1234 | B42: MÉTHYLAL | C42: 3 | D42: F1 | E42: METHYLAL | F42: H225 | T42: =IFERROR(VLOOKUP(F42,'CODE H VS CODE ICPE'!$A$2:$D$80,4,FALSE),"") -> Autorisé | U42: =IFERROR(VLOOKUP(G42,'CODE H VS CODE ICPE'!$A$2:$D$80,4,FALSE),"") | V42: =IFERROR(VLOOKUP(H42,'CODE H VS CODE ICPE'!$A$2:$D$80,4,FALSE),"") | W42: =IFERROR(VLOOKUP(I42,'CODE H VS CODE ICPE'!$A$2:$D$80,4,FALSE),"") | X42: =IFERROR(VLOOKUP(J42,'CODE H VS CODE ICPE'!$A$2:$D$80,4,FALSE),"") | Y42: =IFERROR(VLOOKUP(K42,'CODE H VS CODE ICPE'!$A$2:$D$80,4,FALSE),"") | Z42: =IFERROR(VLOOKUP(L42,'CODE H VS CODE ICPE'!$A$2:$D$80,4,FALSE),"") | AA42: =IFERROR(VLOOKUP(M42,'CODE H VS CODE ICPE'!$A$2:$D$80,4,FALSE),"") | ... AG42: =IFERROR(VLOOKUP(S42,'CODE H VS CODE ICPE'!$A$2:$D$80,4,FALSE),"") | AH42: =IF(COUNTIF(T42:AG42, "Rejected") > 0, "Rejected", IF(COUNTIF(T42:AG42, "Under request") > 0, "Under request", "Accepted")) -> Accepted | AI42: =IF(T42="",0,IF(T42="Interdit",0,VLOOKUP(F42,'CODE H VS CODE ICPE'!$A$2:$E$80,5,FALSE))) -> 99999.99 | AJ42: =IF(U42="",0,IF(U42="Interdit",0,VLOOKUP(G42,'CODE H VS CODE ICPE'!$A$2:$E$80,5,FALSE))) -> 0 | AK42: =IF(V42="",0,IF(V42="Interdit",0,VLOOKUP(H42,'CODE H VS CODE ICPE'!$A$2:$E$80,5,FALSE))) -> 0 | AL42: =IF(W42="",0,IF(W42="Interdit",0,VLOOKUP(I42,'CODE H VS CODE ICPE'!$A$2:$E$80,5,FALSE))) -> 0 | AM42: =IF(X42="",0,IF(X42="Interdit",0,VLOOKUP(J42,'CODE H VS CODE ICPE'!$A$2:$E$80,5,FALSE))) -> 0 | AN42: =IF(Y42="",0,IF(Y42="Interdit",0,VLOOKUP(K42,'CODE H VS CODE ICPE'!$A$2:$E$80,5,FALSE))) -> 0 | AO42: =IF(Z42="",0,IF(Z42="Interdit",0,VLOOKUP(L42,'CODE H VS CODE ICPE'!$A$2:$E$80,5,FALSE))) -> 0 | AP42: =IF(AA42="",0,IF(AA42="Interdit",0,VLOOKUP(M42,'CODE H VS CODE ICPE'!$A$2:$E$80,5,FALSE))) -> 0 | ... AV42: =IF(AG42="",0,IF(AG42="Interdit",0,VLOOKUP(S42,'CODE H VS CODE ICPE'!$A$2:$E$80,5,FALSE))) -> 0 | AW42: =ADDRESS(2,MATCH(MAX(AI42:AV42),AI42:AV42,0)+COLUMN(AI42)-1) -> $AI$2 | AX42: =IF(AH42="Interdit","",IF(AW42="$AI$2",AI42,IF(AW42="$AJ$2",AJ42,IF(AW42="$AK$2",AK42,IF(AW42="$AL$2",AL42,IF(AW42="$AM$2",AM42,IF(AW42="$AN$2",AN42,IF(AW42="$AO$2",AO42,IF(AW42="$AP$2",AP42,IF(AW42="$AQ$2",AQ42,IF(AW42="$AR$2",AR42,IF(AW42="$AS$2",AS42,IF(AW42="$AT$2",AT42,IF(AW42="$AU$2",AU42,IF(AW42="$AV$2",AV42,""))))))))))))))) -> 99999.99 | AY42: =IF(AX42="","",IF(AW42="$AI$2",F42,IF(AW42="$AJ$2",G42,IF(AW42="$AK$2",H42,IF(AW42="$AL$2",I42,IF(AW42="$AM$2",J42,IF(AW42="$AN$2",K42,IF(AW42="$AO$2",L42,IF(AW42="$AP$2",M42,IF(AW42="$AQ$2",N42,IF(AW42="$AR$2",O42,IF(AW42="$AS$2",P42,IF(AW42="$AT$2",Q42,IF(AW42="$AU$2",R42,IF(AW42="$AV$2",S42,""))))))))))))))) -> H225 | AZ42: =IF(AY42="","",IF(AY42=0,"",VLOOKUP(AY42,'CODE H VS CODE ICPE'!$A$1:$E$80,3,FALSE))) -> 4331
A43: 1248 | B43: PROPIONATE DE MÉTHYLE | C43: 3 | D43: F1 | E43: METHYL PROPIONATE | F43: H225 | T43: =IFERROR(VLOOKUP(F43,'CODE H VS CODE ICPE'!$A$2:$D$80,4,FALSE),"") -> Autorisé | U43: =IFERROR(VLOOKUP(G43,'CODE H VS CODE ICPE'!$A$2:$D$80,4,FALSE),"") | V43: =IFERROR(VLOOKUP(H43,'CODE H VS CODE ICPE'!$A$2:$D$80,4,FALSE),"") | W43: =IFERROR(VLOOKUP(I43,'CODE H VS CODE ICPE'!$A$2:$D$80,4,FALSE),"") | X43: =IFERROR(VLOOKUP(J43,'CODE H VS CODE ICPE'!$A$2:$D$80,4,FALSE),"") | Y43: =IFERROR(VLOOKUP(K43,'CODE H VS CODE ICPE'!$A$2:$D$80,4,FALSE),"") | Z43: =IFERROR(VLOOKUP(L43,'CODE H VS CODE ICPE'!$A$2:$D$80,4,FALSE),"") | AA43: =IFERROR(VLOOKUP(M43,'CODE H VS CODE ICPE'!$A$2:$D$80,4,FALSE),"") | ... AG43: =IFERROR(VLOOKUP(S43,'CODE H VS CODE ICPE'!$A$2:$D$80,4,FALSE),"") | AH43: =IF(COUNTIF(T43:AG43, "Rejected") > 0, "Rejected", IF(COUNTIF(T43:AG43, "Under request") > 0, "Under request", "Accepted")) -> Accepted | AI43: =IF(T43="",0,IF(T43="Interdit",0,VLOOKUP(F43,'CODE H VS CODE ICPE'!$A$2:$E$80,5,FALSE))) -> 99999.99 | AJ43: =IF(U43="",0,IF(U43="Interdit",0,VLOOKUP(G43,'CODE H VS CODE ICPE'!$A$2:$E$80,5,FALSE))) -> 0 | AK43: =IF(V43="",0,IF(V43="Interdit",0,VLOOKUP(H43,'CODE H VS CODE ICPE'!$A$2:$E$80,5,FALSE))) -> 0 | AL43: =IF(W43="",0,IF(W43="Interdit",0,VLOOKUP(I43,'CODE H VS CODE ICPE'!$A$2:$E$80,5,FALSE))) -> 0 | AM43: =IF(X43="",0,IF(X43="Interdit",0,VLOOKUP(J43,'CODE H VS CODE ICPE'!$A$2:$E$80,5,FALSE))) -> 0 | AN43: =IF(Y43="",0,IF(Y43="Interdit",0,VLOOKUP(K43,'CODE H VS CODE ICPE'!$A$2:$E$80,5,FALSE))) -> 0 | AO43: =IF(Z43="",0,IF(Z43="Interdit",0,VLOOKUP(L43,'CODE H VS CODE ICPE'!$A$2:$E$80,5,FALSE))) -> 0 | AP43: =IF(AA43="",0,IF(AA43="Interdit",0,VLOOKUP(M43,'CODE H VS CODE ICPE'!$A$2:$E$80,5,FALSE))) -> 0 | ... AV43: =IF(AG43="",0,IF(AG43="Interdit",0,VLOOKUP(S43,'CODE H VS CODE ICPE'!$A$2:$E$80,5,FALSE))) -> 0 | AW43: =ADDRESS(2,MATCH(MAX(AI43:AV43),AI43:AV43,0)+COLUMN(AI43)-1) -> $AI$2 | AX43: =IF(AH43="Interdit","",IF(AW43="$AI$2",AI43,IF(AW43="$AJ$2",AJ43,IF(AW43="$AK$2",AK43,IF(AW43="$AL$2",AL43,IF(AW43="$AM$2",AM43,IF(AW43="$AN$2",AN43,IF(AW43="$AO$2",AO43,IF(AW43="$AP$2",AP43,IF(AW43="$AQ$2",AQ43,IF(AW43="$AR$2",AR43,IF(AW43="$AS$2",AS43,IF(AW43="$AT$2",AT43,IF(AW43="$AU$2",AU43,IF(AW43="$AV$2",AV43,""))))))))))))))) -> 99999.99 | AY43: =IF(AX43="","",IF(AW43="$AI$2",F43,IF(AW43="$AJ$2",G43,IF(AW43="$AK$2",H43,IF(AW43="$AL$2",I43,IF(AW43="$AM$2",J43,IF(AW43="$AN$2",K43,IF(AW43="$AO$2",L43,IF(AW43="$AP$2",M43,IF(AW43="$AQ$2",N43,IF(AW43="$AR$2",O43,IF(AW43="$AS$2",P43,IF(AW43="$AT$2",Q43,IF(AW43="$AU$2",R43,IF(AW43="$AV$2",S43,""))))))))))))))) -> H225 | AZ43: =IF(AY43="","",IF(AY43=0,"",VLOOKUP(AY43,'CODE H VS CODE ICPE'!$A$1:$E$80,3,FALSE))) -> 4331
A44: 1261 | B44: NITROMÉTHANE | C44: 3 | D44: F1 | E44: NITROMETHANE | F44: H226 | G44: H302 | T44: =IFERROR(VLOOKUP(F44,'CODE H VS CODE ICPE'!$A$2:$D$80,4,FALSE),"") -> Autorisé | U44: =IFERROR(VLOOKUP(G44,'CODE H VS CODE ICPE'!$A$2:$D$80,4,FALSE),"") -> Autorisé | V44: =IFERROR(VLOOKUP(H44,'CODE H VS CODE ICPE'!$A$2:$D$80,4,FALSE),"") | W44: =IFERROR(VLOOKUP(I44,'CODE H VS CODE ICPE'!$A$2:$D$80,4,FALSE),"") | X44: =IFERROR(VLOOKUP(J44,'CODE H VS CODE ICPE'!$A$2:$D$80,4,FALSE),"") | Y44: =IFERROR(VLOOKUP(K44,'CODE H VS CODE ICPE'!$A$2:$D$80,4,FALSE),"") | Z44: =IFERROR(VLOOKUP(L44,'CODE H VS CODE ICPE'!$A$2:$D$80,4,FALSE),"") | AA44: =IFERROR(VLOOKUP(M44,'CODE H VS CODE ICPE'!$A$2:$D$80,4,FALSE),"") | ... AG44: =IFERROR(VLOOKUP(S44,'CODE H VS CODE ICPE'!$A$2:$D$80,4,FALSE),"") | AH44: =IF(COUNTIF(T44:AG44, "Rejected") > 0, "Rejected", IF(COUNTIF(T44:AG44, "Under request") > 0, "Under request", "Accepted")) -> Accepted | AI44: =IF(T44="",0,IF(T44="Interdit",0,VLOOKUP(F44,'CODE H VS CODE ICPE'!$A$2:$E$80,5,FALSE))) -> 99999.99 | AJ44: =IF(U44="",0,IF(U44="Interdit",0,VLOOKUP(G44,'CODE H VS CODE ICPE'!$A$2:$E$80,5,FALSE))) -> 99999.99 | AK44: =IF(V44="",0,IF(V44="Interdit",0,VLOOKUP(H44,'CODE H VS CODE ICPE'!$A$2:$E$80,5,FALSE))) -> 0 | AL44: =IF(W44="",0,IF(W44="Interdit",0,VLOOKUP(I44,'CODE H VS CODE ICPE'!$A$2:$E$80,5,FALSE))) -> 0 | AM44: =IF(X44="",0,IF(X44="Interdit",0,VLOOKUP(J44,'CODE H VS CODE ICPE'!$A$2:$E$80,5,FALSE))) -> 0 | AN44: =IF(Y44="",0,IF(Y44="Interdit",0,VLOOKUP(K44,'CODE H VS CODE ICPE'!$A$2:$E$80,5,FALSE))) -> 0 | AO44: =IF(Z44="",0,IF(Z44="Interdit",0,VLOOKUP(L44,'CODE H VS CODE ICPE'!$A$2:$E$80,5,FALSE))) -> 0 | AP44: =IF(AA44="",0,IF(AA44="Interdit",0,VLOOKUP(M44,'CODE H VS CODE ICPE'!$A$2:$E$80,5,FALSE))) -> 0 | ... AV44: =IF(AG44="",0,IF(AG44="Interdit",0,VLOOKUP(S44,'CODE H VS CODE ICPE'!$A$2:$E$80,5,FALSE))) -> 0 | AW44: =ADDRESS(2,MATCH(MAX(AI44:AV44),AI44:AV44,0)+COLUMN(AI44)-1) -> $AI$2 | AX44: =IF(AH44="Interdit","",IF(AW44="$AI$2",AI44,IF(AW44="$AJ$2",AJ44,IF(AW44="$AK$2",AK44,IF(AW44="$AL$2",AL44,IF(AW44="$AM$2",AM44,IF(AW44="$AN$2",AN44,IF(AW44="$AO$2",AO44,IF(AW44="$AP$2",AP44,IF(AW44="$AQ$2",AQ44,IF(AW44="$AR$2",AR44,IF(AW44="$AS$2",AS44,IF(AW44="$AT$2",AT44,IF(AW44="$AU$2",AU44,IF(AW44="$AV$2",AV44,""))))))))))))))) -> 99999.99 | AY44: =IF(AX44="","",IF(AW44="$AI$2",F44,IF(AW44="$AJ$2",G44,IF(AW44="$AK$2",H44,IF(AW44="$AL$2",I44,IF(AW44="$AM$2",J44,IF(AW44="$AN$2",K44,IF(AW44="$AO$2",L44,IF(AW44="$AP$2",M44,IF(AW44="$AQ$2",N44,IF(AW44="$AR$2",O44,IF(AW44="$AS$2",P44,IF(AW44="$AT$2",Q44,IF(AW44="$AU$2",R44,IF(AW44="$AV$2",S44,""))))))))))))))) -> H226 | AZ44: =IF(AY44="","",IF(AY44=0,"",VLOOKUP(AY44,'CODE H VS CODE ICPE'!$A$1:$E$80,3,FALSE))) -> 4331
A45: 1263 | B45: PEINTURES (y compris peintures, laques, émaux, couleurs, shellac, vernis, cirages, encaustiques, enduits d'apprêt et bases liquides pour laques) ou MATIÈRES APPARENTÉES AUX PEINTURES (y compris solvants et diluants pour peintures) | C45: 3 | D45: F1 | E45: PAINT (including paint, lacquer, enamel, stain, shellac, varnish, polish, liquid filler and liquid lacquer base) or PAINT RELATED MATERIAL (including paint thinning and reducing compound) | F45: H226 | G45: H226 | H45: H226 | I45: H226 | J45: H226 | K45: H226 | T45: =IFERROR(VLOOKUP(F45,'CODE H VS CODE ICPE'!$A$2:$D$80,4,FALSE),"") -> Autorisé | U45: =IFERROR(VLOOKUP(G45,'CODE H VS CODE ICPE'!$A$2:$D$80,4,FALSE),"") -> Autorisé | V45: =IFERROR(VLOOKUP(H45,'CODE H VS CODE ICPE'!$A$2:$D$80,4,FALSE),"") -> Autorisé | W45: =IFERROR(VLOOKUP(I45,'CODE H VS CODE ICPE'!$A$2:$D$80,4,FALSE),"") -> Autorisé | X45: =IFERROR(VLOOKUP(J45,'CODE H VS CODE ICPE'!$A$2:$D$80,4,FALSE),"") -> Autorisé | Y45: =IFERROR(VLOOKUP(K45,'CODE H VS CODE ICPE'!$A$2:$D$80,4,FALSE),"") -> Autorisé | Z45: =IFERROR(VLOOKUP(L45,'CODE H VS CODE ICPE'!$A$2:$D$80,4,FALSE),"") | AA45: =IFERROR(VLOOKUP(M45,'CODE H VS CODE ICPE'!$A$2:$D$80,4,FALSE),"") | ... AG45: =IFERROR(VLOOKUP(S45,'CODE H VS CODE ICPE'!$A$2:$D$80,4,FALSE),"") | AH45: =IF(COUNTIF(T45:AG45, "Rejected") > 0, "Rejected", IF(COUNTIF(T45:AG45, "Under request") > 0, "Under request", "Accepted")) -> Accepted | AI45: =IF(T45="",0,IF(T45="Interdit",0,VLOOKUP(F45,'CODE H VS CODE ICPE'!$A$2:$E$80,5,FALSE))) -> 99999.99 | AJ45: =IF(U45="",0,IF(U45="Interdit",0,VLOOKUP(G45,'CODE H VS CODE ICPE'!$A$2:$E$80,5,FALSE))) -> 99999.99 | AK45: =IF(V45="",0,IF(V45="Interdit",0,VLOOKUP(H45,'CODE H VS CODE ICPE'!$A$2:$E$80,5,FALSE))) -> 99999.99 | AL45: =IF(W45="",0,IF(W45="Interdit",0,VLOOKUP(I45,'CODE H VS CODE ICPE'!$A$2:$E$80,5,FALSE))) -> 99999.99 | AM45: =IF(X45="",0,IF(X45="Interdit",0,VLOOKUP(J45,'CODE H VS CODE ICPE'!$A$2:$E$80,5,FALSE))) -> 99999.99 | AN45: =IF(Y45="",0,IF(Y45="Interdit",0,VLOOKUP(K45,'CODE H VS CODE ICPE'!$A$2:$E$80,5,FALSE))) -> 99999.99 | AO45: =IF(Z45="",0,IF(Z45="Interdit",0,VLOOKUP(L45,'CODE H VS CODE ICPE'!$A$2:$E$80,5,FALSE))) -> 0 | AP45: =IF(AA45="",0,IF(AA45="Interdit",0,VLOOKUP(M45,'CODE H VS CODE ICPE'!$A$2:$E$80,5,FALSE))) -> 0 | ... AV45: =IF(AG45="",0,IF(AG45="Interdit",0,VLOOKUP(S45,'CODE H VS CODE ICPE'!$A$2:$E$80,5,FALSE))) -> 0 | AW45: =ADDRESS(2,MATCH(MAX(AI45:AV45),AI45:AV45,0)+COLUMN(AI45)-1) -> $AI$2 | AX45: =IF(AH45="Interdit","",IF(AW45="$AI$2",AI45,IF(AW45="$AJ$2",AJ45,IF(AW45="$AK$2",AK45,IF(AW45="$AL$2",AL45,IF(AW45="$AM$2",AM45,IF(AW45="$AN$2",AN45,IF(AW45="$AO$2",AO45,IF(AW45="$AP$2",AP45,IF(AW45="$AQ$2",AQ45,IF(AW45="$AR$2",AR45,IF(AW45="$AS$2",AS45,IF(AW45="$AT$2",AT45,IF(AW45="$AU$2",AU45,IF(AW45="$AV$2",AV45,""))))))))))))))) -> 99999.99 | AY45: =IF(AX45="","",IF(AW45="$AI$2",F45,IF(AW45="$AJ$2",G45,IF(AW45="$AK$2",H45,IF(AW45="$AL$2",I45,IF(AW45="$AM$2",J45,IF(AW45="$AN$2",K45,IF(AW45="$AO$2",L45,IF(AW45="$AP$2",M45,IF(AW45="$AQ$2",N45,IF(AW45="$AR$2",O45,IF(AW45="$AS$2",P45,IF(AW45="$AT$2",Q45,IF(AW45="$AU$2",R45,IF(AW45="$AV$2",S45,""))))))))))))))) -> H226 | AZ45: =IF(AY45="","",IF(AY45=0,"",VLOOKUP(AY45,'CODE H VS CODE ICPE'!$A$1:$E$80,3,FALSE))) -> 4331
A46: 1264 | B46: PARALDÉHYDE | C46: 3 | D46: F1 | E46: PARALDEHYDE | F46: H226 | T46: =IFERROR(VLOOKUP(F46,'CODE H VS CODE ICPE'!$A$2:$D$80,4,FALSE),"") -> Autorisé | U46: =IFERROR(VLOOKUP(G46,'CODE H VS CODE ICPE'!$A$2:$D$80,4,FALSE),"") | V46: =IFERROR(VLOOKUP(H46,'CODE H VS CODE ICPE'!$A$2:$D$80,4,FALSE),"") | W46: =IFERROR(VLOOKUP(I46,'CODE H VS CODE ICPE'!$A$2:$D$80,4,FALSE),"") | X46: =IFERROR(VLOOKUP(J46,'CODE H VS CODE ICPE'!$A$2:$D$80,4,FALSE),"") | Y46: =IFERROR(VLOOKUP(K46,'CODE H VS CODE ICPE'!$A$2:$D$80,4,FALSE),"") | Z46: =IFERROR(VLOOKUP(L46,'CODE H VS CODE ICPE'!$A$2:$D$80,4,FALSE),"") | AA46: =IFERROR(VLOOKUP(M46,'CODE H VS CODE ICPE'!$A$2:$D$80,4,FALSE),"") | ... AG46: =IFERROR(VLOOKUP(S46,'CODE H VS CODE ICPE'!$A$2:$D$80,4,FALSE),"") | AH46: =IF(COUNTIF(T46:AG46, "Rejected") > 0, "Rejected", IF(COUNTIF(T46:AG46, "Under request") > 0, "Under request", "Accepted")) -> Accepted | AI46: =IF(T46="",0,IF(T46="Interdit",0,VLOOKUP(F46,'CODE H VS CODE ICPE'!$A$2:$E$80,5,FALSE))) -> 99999.99 | AJ46: =IF(U46="",0,IF(U46="Interdit",0,VLOOKUP(G46,'CODE H VS CODE ICPE'!$A$2:$E$80,5,FALSE))) -> 0 | AK46: =IF(V46="",0,IF(V46="Interdit",0,VLOOKUP(H46,'CODE H VS CODE ICPE'!$A$2:$E$80,5,FALSE))) -> 0 | AL46: =IF(W46="",0,IF(W46="Interdit",0,VLOOKUP(I46,'CODE H VS CODE ICPE'!$A$2:$E$80,5,FALSE))) -> 0 | AM46: =IF(X46="",0,IF(X46="Interdit",0,VLOOKUP(J46,'CODE H VS CODE ICPE'!$A$2:$E$80,5,FALSE))) -> 0 | AN46: =IF(Y46="",0,IF(Y46="Interdit",0,VLOOKUP(K46,'CODE H VS CODE ICPE'!$A$2:$E$80,5,FALSE))) -> 0 | AO46: =IF(Z46="",0,IF(Z46="Interdit",0,VLOOKUP(L46,'CODE H VS CODE ICPE'!$A$2:$E$80,5,FALSE))) -> 0 | AP46: =IF(AA46="",0,IF(AA46="Interdit",0,VLOOKUP(M46,'CODE H VS CODE ICPE'!$A$2:$E$80,5,FALSE))) -> 0 | ... AV46: =IF(AG46="",0,IF(AG46="Interdit",0,VLOOKUP(S46,'CODE H VS CODE ICPE'!$A$2:$E$80,5,FALSE))) -> 0 | AW46: =ADDRESS(2,MATCH(MAX(AI46:AV46),AI46:AV46,0)+COLUMN(AI46)-1) -> $AI$2 | AX46: =IF(AH46="Interdit","",IF(AW46="$AI$2",AI46,IF(AW46="$AJ$2",AJ46,IF(AW46="$AK$2",AK46,IF(AW46="$AL$2",AL46,IF(AW46="$AM$2",AM46,IF(AW46="$AN$2",AN46,IF(AW46="$AO$2",AO46,IF(AW46="$AP$2",AP46,IF(AW46="$AQ$2",AQ46,IF(AW46="$AR$2",AR46,IF(AW46="$AS$2",AS46,IF(AW46="$AT$2",AT46,IF(AW46="$AU$2",AU46,IF(AW46="$AV$2",AV46,""))))))))))))))) -> 99999.99 | AY46: =IF(AX46="","",IF(AW46="$AI$2",F46,IF(AW46="$AJ$2",G46,IF(AW46="$AK$2",H46,IF(AW46="$AL$2",I46,IF(AW46="$AM$2",J46,IF(AW46="$AN$2",K46,IF(AW46="$AO$2",L46,IF(AW46="$AP$2",M46,IF(AW46="$AQ$2",N46,IF(AW46="$AR$2",O46,IF(AW46="$AS$2",P46,IF(AW46="$AT$2",Q46,IF(AW46="$AU$2",R46,IF(AW46="$AV$2",S46,""))))))))))))))) -> H226 | AZ46: =IF(AY46="","",IF(AY46=0,"",VLOOKUP(AY46,'CODE H VS CODE ICPE'!$A$1:$E$80,3,FALSE))) -> 4331
A47: 1266 | B47: PRODUITS POUR PARFUMERIE contenant des solvants inflammables (pression de vapeur à 50 °C supérieure à 110 kPa) 640C | C47: 3 | D47: F1 | E47: PERFUMERY PRODUCTS with flammable solvents (vapour pressure at 50 °C more than 110 kPa) 640C | F47: H226 | G47: H226 | H47: H336 | I47: H411 | T47: =IFERROR(VLOOKUP(F47,'CODE H VS CODE ICPE'!$A$2:$D$80,4,FALSE),"") -> Autorisé | U47: =IFERROR(VLOOKUP(G47,'CODE H VS CODE ICPE'!$A$2:$D$80,4,FALSE),"") -> Autorisé | V47: =IFERROR(VLOOKUP(H47,'CODE H VS CODE ICPE'!$A$2:$D$80,4,FALSE),"") -> Autorisé | W47: =IFERROR(VLOOKUP(I47,'CODE H VS CODE ICPE'!$A$2:$D$80,4,FALSE),"") -> Autorisé | X47: =IFERROR(VLOOKUP(J47,'CODE H VS CODE ICPE'!$A$2:$D$80,4,FALSE),"") | Y47: =IFERROR(VLOOKUP(K47,'CODE H VS CODE ICPE'!$A$2:$D$80,4,FALSE),"") | Z47: =IFERROR(VLOOKUP(L47,'CODE H VS CODE ICPE'!$A$2:$D$80,4,FALSE),"") | AA47: =IFERROR(VLOOKUP(M47,'CODE H VS CODE ICPE'!$A$2:$D$80,4,FALSE),"") | ... AG47: =IFERROR(VLOOKUP(S47,'CODE H VS CODE ICPE'!$A$2:$D$80,4,FALSE),"") | AH47: =IF(COUNTIF(T47:AG47, "Rejected") > 0, "Rejected", IF(COUNTIF(T47:AG47, "Under request") > 0, "Under request", "Accepted")) -> Accepted | AI47: =IF(T47="",0,IF(T47="Interdit",0,VLOOKUP(F47,'CODE H VS CODE ICPE'!$A$2:$E$80,5,FALSE))) -> 99999.99 | AJ47: =IF(U47="",0,IF(U47="Interdit",0,VLOOKUP(G47,'CODE H VS CODE ICPE'!$A$2:$E$80,5,FALSE))) -> 99999.99 | AK47: =IF(V47="",0,IF(V47="Interdit",0,VLOOKUP(H47,'CODE H VS CODE ICPE'!$A$2:$E$80,5,FALSE))) -> 99999.99 | AL47: =IF(W47="",0,IF(W47="Interdit",0,VLOOKUP(I47,'CODE H VS CODE ICPE'!$A$2:$E$80,5,FALSE))) -> 99999.99 | AM47: =IF(X47="",0,IF(X47="Interdit",0,VLOOKUP(J47,'CODE H VS CODE ICPE'!$A$2:$E$80,5,FALSE))) -> 0 | AN47: =IF(Y47="",0,IF(Y47="Interdit",0,VLOOKUP(K47,'CODE H VS CODE ICPE'!$A$2:$E$80,5,FALSE))) -> 0 | AO47: =IF(Z47="",0,IF(Z47="Interdit",0,VLOOKUP(L47,'CODE H VS CODE ICPE'!$A$2:$E$80,5,FALSE))) -> 0 | AP47: =IF(AA47="",0,IF(AA47="Interdit",0,VLOOKUP(M47,'CODE H VS CODE ICPE'!$A$2:$E$80,5,FALSE))) -> 0 | ... AV47: =IF(AG47="",0,IF(AG47="Interdit",0,VLOOKUP(S47,'CODE H VS CODE ICPE'!$A$2:$E$80,5,FALSE))) -> 0 | AW47: =ADDRESS(2,MATCH(MAX(AI47:AV47),AI47:AV47,0)+COLUMN(AI47)-1) -> $AI$2 | AX47: =IF(AH47="Interdit","",IF(AW47="$AI$2",AI47,IF(AW47="$AJ$2",AJ47,IF(AW47="$AK$2",AK47,IF(AW47="$AL$2",AL47,IF(AW47="$AM$2",AM47,IF(AW47="$AN$2",AN47,IF(AW47="$AO$2",AO47,IF(AW47="$AP$2",AP47,IF(AW47="$AQ$2",AQ47,IF(AW47="$AR$2",AR47,IF(AW47="$AS$2",AS47,IF(AW47="$AT$2",AT47,IF(AW47="$AU$2",AU47,IF(AW47="$AV$2",AV47,""))))))))))))))) -> 99999.99 | AY47: =IF(AX47="","",IF(AW47="$AI$2",F47,IF(AW47="$AJ$2",G47,IF(AW47="$AK$2",H47,IF(AW47="$AL$2",I47,IF(AW47="$AM$2",J47,IF(AW47="$AN$2",K47,IF(AW47="$AO$2",L47,IF(AW47="$AP$2",M47,IF(AW47="$AQ$2",N47,IF(AW47="$AR$2",O47,IF(AW47="$AS$2",P47,IF(AW47="$AT$2",Q47,IF(AW47="$AU$2",R47,IF(AW47="$AV$2",S47,""))))))))))))))) -> H226 | AZ47: =IF(AY47="","",IF(AY47=0,"",VLOOKUP(AY47,'CODE H VS CODE ICPE'!$A$1:$E$80,3,FALSE))) -> 4331
A48: 1276 | B48: ACÉTATE DE n-PROPYLE | C48: 3 | D48: F1 | E48: n-PROPYL ACETATE | F48: H225 | G48: H319 | H48: H336 | T48: =IFERROR(VLOOKUP(F48,'CODE H VS CODE ICPE'!$A$2:$D$80,4,FALSE),"") -> Autorisé | U48: =IFERROR(VLOOKUP(G48,'CODE H VS CODE ICPE'!$A$2:$D$80,4,FALSE),"") -> Autorisé | V48: =IFERROR(VLOOKUP(H48,'CODE H VS CODE ICPE'!$A$2:$D$80,4,FALSE),"") -> Autorisé | W48: =IFERROR(VLOOKUP(I48,'CODE H VS CODE ICPE'!$A$2:$D$80,4,FALSE),"") | X48: =IFERROR(VLOOKUP(J48,'CODE H VS CODE ICPE'!$A$2:$D$80,4,FALSE),"") | Y48: =IFERROR(VLOOKUP(K48,'CODE H VS CODE ICPE'!$A$2:$D$80,4,FALSE),"") | Z48: =IFERROR(VLOOKUP(L48,'CODE H VS CODE ICPE'!$A$2:$D$80,4,FALSE),"") | AA48: =IFERROR(VLOOKUP(M48,'CODE H VS CODE ICPE'!$A$2:$D$80,4,FALSE),"") | ... AG48: =IFERROR(VLOOKUP(S48,'CODE H VS CODE ICPE'!$A$2:$D$80,4,FALSE),"") | AH48: =IF(COUNTIF(T48:AG48, "Rejected") > 0, "Rejected", IF(COUNTIF(T48:AG48, "Under request") > 0, "Under request", "Accepted")) -> Accepted | AI48: =IF(T48="",0,IF(T48="Interdit",0,VLOOKUP(F48,'CODE H VS CODE ICPE'!$A$2:$E$80,5,FALSE))) -> 99999.99 | AJ48: =IF(U48="",0,IF(U48="Interdit",0,VLOOKUP(G48,'CODE H VS CODE ICPE'!$A$2:$E$80,5,FALSE))) -> 99999.99 | AK48: =IF(V48="",0,IF(V48="Interdit",0,VLOOKUP(H48,'CODE H VS CODE ICPE'!$A$2:$E$80,5,FALSE))) -> 99999.99 | AL48: =IF(W48="",0,IF(W48="Interdit",0,VLOOKUP(I48,'CODE H VS CODE ICPE'!$A$2:$E$80,5,FALSE))) -> 0 | AM48: =IF(X48="",0,IF(X48="Interdit",0,VLOOKUP(J48,'CODE H VS CODE ICPE'!$A$2:$E$80,5,FALSE))) -> 0 | AN48: =IF(Y48="",0,IF(Y48="Interdit",0,VLOOKUP(K48,'CODE H VS CODE ICPE'!$A$2:$E$80,5,FALSE))) -> 0 | AO48: =IF(Z48="",0,IF(Z48="Interdit",0,VLOOKUP(L48,'CODE H VS CODE ICPE'!$A$2:$E$80,5,FALSE))) -> 0 | AP48: =IF(AA48="",0,IF(AA48="Interdit",0,VLOOKUP(M48,'CODE H VS CODE ICPE'!$A$2:$E$80,5,FALSE))) -> 0 | ... AV48: =IF(AG48="",0,IF(AG48="Interdit",0,VLOOKUP(S48,'CODE H VS CODE ICPE'!$A$2:$E$80,5,FALSE))) -> 0 | AW48: =ADDRESS(2,MATCH(MAX(AI48:AV48),AI48:AV48,0)+COLUMN(AI48)-1) -> $AI$2 | AX48: =IF(AH48="Interdit","",IF(AW48="$AI$2",AI48,IF(AW48="$AJ$2",AJ48,IF(AW48="$AK$2",AK48,IF(AW48="$AL$2",AL48,IF(AW48="$AM$2",AM48,IF(AW48="$AN$2",AN48,IF(AW48="$AO$2",AO48,IF(AW48="$AP$2",AP48,IF(AW48="$AQ$2",AQ48,IF(AW48="$AR$2",AR48,IF(AW48="$AS$2",AS48,IF(AW48="$AT$2",AT48,IF(AW48="$AU$2",AU48,IF(AW48="$AV$2",AV48,""))))))))))))))) -> 99999.99 | AY48: =IF(AX48="","",IF(AW48="$AI$2",F48,IF(AW48="$AJ$2",G48,IF(AW48="$AK$2",H48,IF(AW48="$AL$2",I48,IF(AW48="$AM$2",J48,IF(AW48="$AN$2",K48,IF(AW48="$AO$2",L48,IF(AW48="$AP$2",M48,IF(AW48="$AQ$2",N48,IF(AW48="$AR$2",O48,IF(AW48="$AS$2",P48,IF(AW48="$AT$2",Q48,IF(AW48="$AU$2",R48,IF(AW48="$AV$2",S48,""))))))))))))))) -> H225 | AZ48: =IF(AY48="","",IF(AY48=0,"",VLOOKUP(AY48,'CODE H VS CODE ICPE'!$A$1:$E$80,3,FALSE))) -> 4331
A49: 1286 | B49: HUILE DE COLOPHANE | C49: 3 | D49: F1 | E49: ROSIN OIL (vapour pressure at 50 °C more than 110 kPa) 640C | F49: H317 | T49: =IFERROR(VLOOKUP(F49,'CODE H VS CODE ICPE'!$A$2:$D$80,4,FALSE),"") -> Autorisé | U49: =IFERROR(VLOOKUP(G49,'CODE H VS CODE ICPE'!$A$2:$D$80,4,FALSE),"") | V49: =IFERROR(VLOOKUP(H49,'CODE H VS CODE ICPE'!$A$2:$D$80,4,FALSE),"") | W49: =IFERROR(VLOOKUP(I49,'CODE H VS CODE ICPE'!$A$2:$D$80,4,FALSE),"") | X49: =IFERROR(VLOOKUP(J49,'CODE H VS CODE ICPE'!$A$2:$D$80,4,FALSE),"") | Y49: =IFERROR(VLOOKUP(K49,'CODE H VS CODE ICPE'!$A$2:$D$80,4,FALSE),"") | Z49: =IFERROR(VLOOKUP(L49,'CODE H VS CODE ICPE'!$A$2:$D$80,4,FALSE),"") | AA49: =IFERROR(VLOOKUP(M49,'CODE H VS CODE ICPE'!$A$2:$D$80,4,FALSE),"") | ... AG49: =IFERROR(VLOOKUP(S49,'CODE H VS CODE ICPE'!$A$2:$D$80,4,FALSE),"") | AH49: =IF(COUNTIF(T49:AG49, "Rejected") > 0, "Rejected", IF(COUNTIF(T49:AG49, "Under request") > 0, "Under request", "Accepted")) -> Accepted | AI49: =IF(T49="",0,IF(T49="Interdit",0,VLOOKUP(F49,'CODE H VS CODE ICPE'!$A$2:$E$80,5,FALSE))) -> 99999.99 | AJ49: =IF(U49="",0,IF(U49="Interdit",0,VLOOKUP(G49,'CODE H VS CODE ICPE'!$A$2:$E$80,5,FALSE))) -> 0 | AK49: =IF(V49="",0,IF(V49="Interdit",0,VLOOKUP(H49,'CODE H VS CODE ICPE'!$A$2:$E$80,5,FALSE))) -> 0 | AL49: =IF(W49="",0,IF(W49="Interdit",0,VLOOKUP(I49,'CODE H VS CODE ICPE'!$A$2:$E$80,5,FALSE))) -> 0 | AM49: =IF(X49="",0,IF(X49="Interdit",0,VLOOKUP(J49,'CODE H VS CODE ICPE'!$A$2:$E$80,5,FALSE))) -> 0 | AN49: =IF(Y49="",0,IF(Y49="Interdit",0,VLOOKUP(K49,'CODE H VS CODE ICPE'!$A$2:$E$80,5,FALSE))) -> 0 | AO49: =IF(Z49="",0,IF(Z49="Interdit",0,VLOOKUP(L49,'CODE H VS CODE ICPE'!$A$2:$E$80,5,FALSE))) -> 0 | AP49: =IF(AA49="",0,IF(AA49="Interdit",0,VLOOKUP(M49,'CODE H VS CODE ICPE'!$A$2:$E$80,5,FALSE))) -> 0 | ... AV49: =IF(AG49="",0,IF(AG49="Interdit",0,VLOOKUP(S49,'CODE H VS CODE ICPE'!$A$2:$E$80,5,FALSE))) -> 0 | AW49: =ADDRESS(2,MATCH(MAX(AI49:AV49),AI49:AV49,0)+COLUMN(AI49)-1) -> $AI$2 | AX49: =IF(AH49="Interdit","",IF(AW49="$AI$2",AI49,IF(AW49="$AJ$2",AJ49,IF(AW49="$AK$2",AK49,IF(AW49="$AL$2",AL49,IF(AW49="$AM$2",AM49,IF(AW49="$AN$2",AN49,IF(AW49="$AO$2",AO49,IF(AW49="$AP$2",AP49,IF(AW49="$AQ$2",AQ49,IF(AW49="$AR$2",AR49,IF(AW49="$AS$2",AS49,IF(AW49="$AT$2",AT49,IF(AW49="$AU$2",AU49,IF(AW49="$AV$2",AV49,""))))))))))))))) -> 99999.99 | AY49: =IF(AX49="","",IF(AW49="$AI$2",F49,IF(AW49="$AJ$2",G49,IF(AW49="$AK$2",H49,IF(AW49="$AL$2",I49,IF(AW49="$AM$2",J49,IF(AW49="$AN$2",K49,IF(AW49="$AO$2",L49,IF(AW49="$AP$2",M49,IF(AW49="$AQ$2",N49,IF(AW49="$AR$2",O49,IF(AW49="$AS$2",P49,IF(AW49="$AT$2",Q49,IF(AW49="$AU$2",R49,IF(AW49="$AV$2",S49,""))))))))))))))) -> H317 | AZ49: =IF(AY49="","",IF(AY49=0,"",VLOOKUP(AY49,'CODE H VS CODE ICPE'!$A$1:$E$80,3,FALSE))) -> 4511
A50: 1287 | B50: DISSOLUTION DE CAOUTCHOUC | C50: 3 | D50: F1 | E50: RUBBER SOLUTION (having a flash-point below 23 °C and viscous according to 2.2.3.1.4) (vapour pressure at 50 °C not more than 110 kPa) 640H | F50: H225 | G50: H336 | T50: =IFERROR(VLOOKUP(F50,'CODE H VS CODE ICPE'!$A$2:$D$80,4,FALSE),"") -> Autorisé | U50: =IFERROR(VLOOKUP(G50,'CODE H VS CODE ICPE'!$A$2:$D$80,4,FALSE),"") -> Autorisé | V50: =IFERROR(VLOOKUP(H50,'CODE H VS CODE ICPE'!$A$2:$D$80,4,FALSE),"") | W50: =IFERROR(VLOOKUP(I50,'CODE H VS CODE ICPE'!$A$2:$D$80,4,FALSE),"") | X50: =IFERROR(VLOOKUP(J50,'CODE H VS CODE ICPE'!$A$2:$D$80,4,FALSE),"") | Y50: =IFERROR(VLOOKUP(K50,'CODE H VS CODE ICPE'!$A$2:$D$80,4,FALSE),"") | Z50: =IFERROR(VLOOKUP(L50,'CODE H VS CODE ICPE'!$A$2:$D$80,4,FALSE),"") | AA50: =IFERROR(VLOOKUP(M50,'CODE H VS CODE ICPE'!$A$2:$D$80,4,FALSE),"") | ... AG50: =IFERROR(VLOOKUP(S50,'CODE H VS CODE ICPE'!$A$2:$D$80,4,FALSE),"") | AH50: =IF(COUNTIF(T50:AG50, "Rejected") > 0, "Rejected", IF(COUNTIF(T50:AG50, "Under request") > 0, "Under request", "Accepted")) -> Accepted | AI50: =IF(T50="",0,IF(T50="Interdit",0,VLOOKUP(F50,'CODE H VS CODE ICPE'!$A$2:$E$80,5,FALSE))) -> 99999.99 | AJ50: =IF(U50="",0,IF(U50="Interdit",0,VLOOKUP(G50,'CODE H VS CODE ICPE'!$A$2:$E$80,5,FALSE))) -> 99999.99 | AK50: =IF(V50="",0,IF(V50="Interdit",0,VLOOKUP(H50,'CODE H VS CODE ICPE'!$A$2:$E$80,5,FALSE))) -> 0 | AL50: =IF(W50="",0,IF(W50="Interdit",0,VLOOKUP(I50,'CODE H VS CODE ICPE'!$A$2:$E$80,5,FALSE))) -> 0 | AM50: =IF(X50="",0,IF(X50="Interdit",0,VLOOKUP(J50,'CODE H VS CODE ICPE'!$A$2:$E$80,5,FALSE))) -> 0 | AN50: =IF(Y50="",0,IF(Y50="Interdit",0,VLOOKUP(K50,'CODE H VS CODE ICPE'!$A$2:$E$80,5,FALSE))) -> 0 | AO50: =IF(Z50="",0,IF(Z50="Interdit",0,VLOOKUP(L50,'CODE H VS CODE ICPE'!$A$2:$E$80,5,FALSE))) -> 0 | AP50: =IF(AA50="",0,IF(AA50="Interdit",0,VLOOKUP(M50,'CODE H VS CODE ICPE'!$A$2:$E$80,5,FALSE))) -> 0 | ... AV50: =IF(AG50="",0,IF(AG50="Interdit",0,VLOOKUP(S50,'CODE H VS CODE ICPE'!$A$2:$E$80,5,FALSE))) -> 0 | AW50: =ADDRESS(2,MATCH(MAX(AI50:AV50),AI50:AV50,0)+COLUMN(AI50)-1) -> $AI$2 | AX50: =IF(AH50="Interdit","",IF(AW50="$AI$2",AI50,IF(AW50="$AJ$2",AJ50,IF(AW50="$AK$2",AK50,IF(AW50="$AL$2",AL50,IF(AW50="$AM$2",AM50,IF(AW50="$AN$2",AN50,IF(AW50="$AO$2",AO50,IF(AW50="$AP$2",AP50,IF(AW50="$AQ$2",AQ50,IF(AW50="$AR$2",AR50,IF(AW50="$AS$2",AS50,IF(AW50="$AT$2",AT50,IF(AW50="$AU$2",AU50,IF(AW50="$AV$2",AV50,""))))))))))))))) -> 99999.99 | AY50: =IF(AX50="","",IF(AW50="$AI$2",F50,IF(AW50="$AJ$2",G50,IF(AW50="$AK$2",H50,IF(AW50="$AL$2",I50,IF(AW50="$AM$2",J50,IF(AW50="$AN$2",K50,IF(AW50="$AO$2",L50,IF(AW50="$AP$2",M50,IF(AW50="$AQ$2",N50,IF(AW50="$AR$2",O50,IF(AW50="$AS$2",P50,IF(AW50="$AT$2",Q50,IF(AW50="$AU$2",R50,IF(AW50="$AV$2",S50,""))))))))))))))) -> H225 | AZ50: =IF(AY50="","",IF(AY50=0,"",VLOOKUP(AY50,'CODE H VS CODE ICPE'!$A$1:$E$80,3,FALSE))) -> 4331
A51: 1289 | B51: MÉTHYLATE DE SODIUM EN SOLUTION dans l'alcool | C51: 3 | D51: F1 | E51: SHALE OIL | F51: H226 | G51: H301 | H51: H314 | T51: =IFERROR(VLOOKUP(F51,'CODE H VS CODE ICPE'!$A$2:$D$80,4,FALSE),"") -> Autorisé | U51: =IFERROR(VLOOKUP(G51,'CODE H VS CODE ICPE'!$A$2:$D$80,4,FALSE),"") -> Autorisé | V51: =IFERROR(VLOOKUP(H51,'CODE H VS CODE ICPE'!$A$2:$D$80,4,FALSE),"") -> Autorisé | W51: =IFERROR(VLOOKUP(I51,'CODE H VS CODE ICPE'!$A$2:$D$80,4,FALSE),"") | X51: =IFERROR(VLOOKUP(J51,'CODE H VS CODE ICPE'!$A$2:$D$80,4,FALSE),"") | Y51: =IFERROR(VLOOKUP(K51,'CODE H VS CODE ICPE'!$A$2:$D$80,4,FALSE),"") | Z51: =IFERROR(VLOOKUP(L51,'CODE H VS CODE ICPE'!$A$2:$D$80,4,FALSE),"") | AA51: =IFERROR(VLOOKUP(M51,'CODE H VS CODE ICPE'!$A$2:$D$80,4,FALSE),"") | ... AG51: =IFERROR(VLOOKUP(S51,'CODE H VS CODE ICPE'!$A$2:$D$80,4,FALSE),"") | AH51: =IF(COUNTIF(T51:AG51, "Rejected") > 0, "Rejected", IF(COUNTIF(T51:AG51, "Under request") > 0, "Under request", "Accepted")) -> Accepted | AI51: =IF(T51="",0,IF(T51="Interdit",0,VLOOKUP(F51,'CODE H VS CODE ICPE'!$A$2:$E$80,5,FALSE))) -> 99999.99 | AJ51: =IF(U51="",0,IF(U51="Interdit",0,VLOOKUP(G51,'CODE H VS CODE ICPE'!$A$2:$E$80,5,FALSE))) -> 99999.99 | AK51: =IF(V51="",0,IF(V51="Interdit",0,VLOOKUP(H51,'CODE H VS CODE ICPE'!$A$2:$E$80,5,FALSE))) -> 149999.99 | AL51: =IF(W51="",0,IF(W51="Interdit",0,VLOOKUP(I51,'CODE H VS CODE ICPE'!$A$2:$E$80,5,FALSE))) -> 0 | AM51: =IF(X51="",0,IF(X51="Interdit",0,VLOOKUP(J51,'CODE H VS CODE ICPE'!$A$2:$E$80,5,FALSE))) -> 0 | AN51: =IF(Y51="",0,IF(Y51="Interdit",0,VLOOKUP(K51,'CODE H VS CODE ICPE'!$A$2:$E$80,5,FALSE))) -> 0 | AO51: =IF(Z51="",0,IF(Z51="Interdit",0,VLOOKUP(L51,'CODE H VS CODE ICPE'!$A$2:$E$80,5,FALSE))) -> 0 | AP51: =IF(AA51="",0,IF(AA51="Interdit",0,VLOOKUP(M51,'CODE H VS CODE ICPE'!$A$2:$E$80,5,FALSE))) -> 0 | ... AV51: =IF(AG51="",0,IF(AG51="Interdit",0,VLOOKUP(S51,'CODE H VS CODE ICPE'!$A$2:$E$80,5,FALSE))) -> 0 | AW51: =ADDRESS(2,MATCH(MAX(AI51:AV51),AI51:AV51,0)+COLUMN(AI51)-1) -> $AK$2 | AX51: =IF(AH51="Interdit","",IF(AW51="$AI$2",AI51,IF(AW51="$AJ$2",AJ51,IF(AW51="$AK$2",AK51,IF(AW51="$AL$2",AL51,IF(AW51="$AM$2",AM51,IF(AW51="$AN$2",AN51,IF(AW51="$AO$2",AO51,IF(AW51="$AP$2",AP51,IF(AW51="$AQ$2",AQ51,IF(AW51="$AR$2",AR51,IF(AW51="$AS$2",AS51,IF(AW51="$AT$2",AT51,IF(AW51="$AU$2",AU51,IF(AW51="$AV$2",AV51,""))))))))))))))) -> 149999.99 | AY51: =IF(AX51="","",IF(AW51="$AI$2",F51,IF(AW51="$AJ$2",G51,IF(AW51="$AK$2",H51,IF(AW51="$AL$2",I51,IF(AW51="$AM$2",J51,IF(AW51="$AN$2",K51,IF(AW51="$AO$2",L51,IF(AW51="$AP$2",M51,IF(AW51="$AQ$2",N51,IF(AW51="$AR$2",O51,IF(AW51="$AS$2",P51,IF(AW51="$AT$2",Q51,IF(AW51="$AU$2",R51,IF(AW51="$AV$2",S51,""))))))))))))))) -> H314 | AZ51: =IF(AY51="","",IF(AY51=0,"",VLOOKUP(AY51,'CODE H VS CODE ICPE'!$A$1:$E$80,3,FALSE))) -> 4320
A52: 1293 | B52: TEINTURES MÉDICINALES | C52: 3 | D52: F1 | E52: TETRAETHYL SILICATE | F52: H226 | T52: =IFERROR(VLOOKUP(F52,'CODE H VS CODE ICPE'!$A$2:$D$80,4,FALSE),"") -> Autorisé | U52: =IFERROR(VLOOKUP(G52,'CODE H VS CODE ICPE'!$A$2:$D$80,4,FALSE),"") | V52: =IFERROR(VLOOKUP(H52,'CODE H VS CODE ICPE'!$A$2:$D$80,4,FALSE),"") | W52: =IFERROR(VLOOKUP(I52,'CODE H VS CODE ICPE'!$A$2:$D$80,4,FALSE),"") | X52: =IFERROR(VLOOKUP(J52,'CODE H VS CODE ICPE'!$A$2:$D$80,4,FALSE),"") | Y52: =IFERROR(VLOOKUP(K52,'CODE H VS CODE ICPE'!$A$2:$D$80,4,FALSE),"") | Z52: =IFERROR(VLOOKUP(L52,'CODE H VS CODE ICPE'!$A$2:$D$80,4,FALSE),"") | AA52: =IFERROR(VLOOKUP(M52,'CODE H VS CODE ICPE'!$A$2:$D$80,4,FALSE),"") | ... AG52: =IFERROR(VLOOKUP(S52,'CODE H VS CODE ICPE'!$A$2:$D$80,4,FALSE),"") | AH52: =IF(COUNTIF(T52:AG52, "Rejected") > 0, "Rejected", IF(COUNTIF(T52:AG52, "Under request") > 0, "Under request", "Accepted")) -> Accepted | AI52: =IF(T52="",0,IF(T52="Interdit",0,VLOOKUP(F52,'CODE H VS CODE ICPE'!$A$2:$E$80,5,FALSE))) -> 99999.99 | AJ52: =IF(U52="",0,IF(U52="Interdit",0,VLOOKUP(G52,'CODE H VS CODE ICPE'!$A$2:$E$80,5,FALSE))) -> 0 | AK52: =IF(V52="",0,IF(V52="Interdit",0,VLOOKUP(H52,'CODE H VS CODE ICPE'!$A$2:$E$80,5,FALSE))) -> 0 | AL52: =IF(W52="",0,IF(W52="Interdit",0,VLOOKUP(I52,'CODE H VS CODE ICPE'!$A$2:$E$80,5,FALSE))) -> 0 | AM52: =IF(X52="",0,IF(X52="Interdit",0,VLOOKUP(J52,'CODE H VS CODE ICPE'!$A$2:$E$80,5,FALSE))) -> 0 | AN52: =IF(Y52="",0,IF(Y52="Interdit",0,VLOOKUP(K52,'CODE H VS CODE ICPE'!$A$2:$E$80,5,FALSE))) -> 0 | AO52: =IF(Z52="",0,IF(Z52="Interdit",0,VLOOKUP(L52,'CODE H VS CODE ICPE'!$A$2:$E$80,5,FALSE))) -> 0 | AP52: =IF(AA52="",0,IF(AA52="Interdit",0,VLOOKUP(M52,'CODE H VS CODE ICPE'!$A$2:$E$80,5,FALSE))) -> 0 | ... AV52: =IF(AG52="",0,IF(AG52="Interdit",0,VLOOKUP(S52,'CODE H VS CODE ICPE'!$A$2:$E$80,5,FALSE))) -> 0 | AW52: =ADDRESS(2,MATCH(MAX(AI52:AV52),AI52:AV52,0)+COLUMN(AI52)-1) -> $AI$2 | AX52: =IF(AH52="Interdit","",IF(AW52="$AI$2",AI52,IF(AW52="$AJ$2",AJ52,IF(AW52="$AK$2",AK52,IF(AW52="$AL$2",AL52,IF(AW52="$AM$2",AM52,IF(AW52="$AN$2",AN52,IF(AW52="$AO$2",AO52,IF(AW52="$AP$2",AP52,IF(AW52="$AQ$2",AQ52,IF(AW52="$AR$2",AR52,IF(AW52="$AS$2",AS52,IF(AW52="$AT$2",AT52,IF(AW52="$AU$2",AU52,IF(AW52="$AV$2",AV52,""))))))))))))))) -> 99999.99 | AY52: =IF(AX52="","",IF(AW52="$AI$2",F52,IF(AW52="$AJ$2",G52,IF(AW52="$AK$2",H52,IF(AW52="$AL$2",I52,IF(AW52="$AM$2",J52,IF(AW52="$AN$2",K52,IF(AW52="$AO$2",L52,IF(AW52="$AP$2",M52,IF(AW52="$AQ$2",N52,IF(AW52="$AR$2",O52,IF(AW52="$AS$2",P52,IF(AW52="$AT$2",Q52,IF(AW52="$AU$2",R52,IF(AW52="$AV$2",S52,""))))))))))))))) -> H226 | AZ52: =IF(AY52="","",IF(AY52=0,"",VLOOKUP(AY52,'CODE H VS CODE ICPE'!$A$1:$E$80,3,FALSE))) -> 4331
A53: 1296 | B53: TRIÉTHYLAMINE | C53: 4.3 | D53: WFC | E53: TRICHLOROSILANE | F53: H225 | G53: H302 | H53: H314 | I53: H335 | T53: =IFERROR(VLOOKUP(F53,'CODE H VS CODE ICPE'!$A$2:$D$80,4,FALSE),"") -> Autorisé | U53: =IFERROR(VLOOKUP(G53,'CODE H VS CODE ICPE'!$A$2:$D$80,4,FALSE),"") -> Autorisé | V53: =IFERROR(VLOOKUP(H53,'CODE H VS CODE ICPE'!$A$2:$D$80,4,FALSE),"") -> Autorisé | W53: =IFERROR(VLOOKUP(I53,'CODE H VS CODE ICPE'!$A$2:$D$80,4,FALSE),"") -> Autorisé | X53: =IFERROR(VLOOKUP(J53,'CODE H VS CODE ICPE'!$A$2:$D$80,4,FALSE),"") | Y53: =IFERROR(VLOOKUP(K53,'CODE H VS CODE ICPE'!$A$2:$D$80,4,FALSE),"") | Z53: =IFERROR(VLOOKUP(L53,'CODE H VS CODE ICPE'!$A$2:$D$80,4,FALSE),"") | AA53: =IFERROR(VLOOKUP(M53,'CODE H VS CODE ICPE'!$A$2:$D$80,4,FALSE),"") | ... AG53: =IFERROR(VLOOKUP(S53,'CODE H VS CODE ICPE'!$A$2:$D$80,4,FALSE),"") | AH53: Rejected | AI53: =IF(T53="",0,IF(T53="Interdit",0,VLOOKUP(F53,'CODE H VS CODE ICPE'!$A$2:$E$80,5,FALSE))) -> 99999.99 | AJ53: =IF(U53="",0,IF(U53="Interdit",0,VLOOKUP(G53,'CODE H VS CODE ICPE'!$A$2:$E$80,5,FALSE))) -> 99999.99 | AK53: =IF(V53="",0,IF(V53="Interdit",0,VLOOKUP(H53,'CODE H VS CODE ICPE'!$A$2:$E$80,5,FALSE))) -> 149999.99 | AL53: =IF(W53="",0,IF(W53="Interdit",0,VLOOKUP(I53,'CODE H VS CODE ICPE'!$A$2:$E$80,5,FALSE))) -> 99999.99 | AM53: =IF(X53="",0,IF(X53="Interdit",0,VLOOKUP(J53,'CODE H VS CODE ICPE'!$A$2:$E$80,5,FALSE))) -> 0 | AN53: =IF(Y53="",0,IF(Y53="Interdit",0,VLOOKUP(K53,'CODE H VS CODE ICPE'!$A$2:$E$80,5,FALSE))) -> 0 | AO53: =IF(Z53="",0,IF(Z53="Interdit",0,VLOOKUP(L53,'CODE H VS CODE ICPE'!$A$2:$E$80,5,FALSE))) -> 0 | AP53: =IF(AA53="",0,IF(AA53="Interdit",0,VLOOKUP(M53,'CODE H VS CODE ICPE'!$A$2:$E$80,5,FALSE))) -> 0 | ... AV53: =IF(AG53="",0,IF(AG53="Interdit",0,VLOOKUP(S53,'CODE H VS CODE ICPE'!$A$2:$E$80,5,FALSE))) -> 0 | AW53: =ADDRESS(2,MATCH(MAX(AI53:AV53),AI53:AV53,0)+COLUMN(AI53)-1) -> $AK$2 | AX53: =IF(AH53="Interdit","",IF(AW53="$AI$2",AI53,IF(AW53="$AJ$2",AJ53,IF(AW53="$AK$2",AK53,IF(AW53="$AL$2",AL53,IF(AW53="$AM$2",AM53,IF(AW53="$AN$2",AN53,IF(AW53="$AO$2",AO53,IF(AW53="$AP$2",AP53,IF(AW53="$AQ$2",AQ53,IF(AW53="$AR$2",AR53,IF(AW53="$AS$2",AS53,IF(AW53="$AT$2",AT53,IF(AW53="$AU$2",AU53,IF(AW53="$AV$2",AV53,""))))))))))))))) -> 149999.99 | AY53: =IF(AX53="","",IF(AW53="$AI$2",F53,IF(AW53="$AJ$2",G53,IF(AW53="$AK$2",H53,IF(AW53="$AL$2",I53,IF(AW53="$AM$2",J53,IF(AW53="$AN$2",K53,IF(AW53="$AO$2",L53,IF(AW53="$AP$2",M53,IF(AW53="$AQ$2",N53,IF(AW53="$AR$2",O53,IF(AW53="$AS$2",P53,IF(AW53="$AT$2",Q53,IF(AW53="$AU$2",R53,IF(AW53="$AV$2",S53,""))))))))))))))) -> H314 | AZ53: =IF(AY53="","",IF(AY53=0,"",VLOOKUP(AY53,'CODE H VS CODE ICPE'!$A$1:$E$80,3,FALSE))) -> 4320
A54: 1297 | B54: TRIMÉTHYLAMINE EN SOLUTION AQUEUSE contenant au plus 50% (masse) de triméthylamine | C54: 3 | D54: FC | E54: TRIETHYLAMINE | F54: H225 | G54: H314 | T54: =IFERROR(VLOOKUP(F54,'CODE H VS CODE ICPE'!$A$2:$D$80,4,FALSE),"") -> Autorisé | U54: =IFERROR(VLOOKUP(G54,'CODE H VS CODE ICPE'!$A$2:$D$80,4,FALSE),"") -> Autorisé | V54: =IFERROR(VLOOKUP(H54,'CODE H VS CODE ICPE'!$A$2:$D$80,4,FALSE),"") | W54: =IFERROR(VLOOKUP(I54,'CODE H VS CODE ICPE'!$A$2:$D$80,4,FALSE),"") | X54: =IFERROR(VLOOKUP(J54,'CODE H VS CODE ICPE'!$A$2:$D$80,4,FALSE),"") | Y54: =IFERROR(VLOOKUP(K54,'CODE H VS CODE ICPE'!$A$2:$D$80,4,FALSE),"") | Z54: =IFERROR(VLOOKUP(L54,'CODE H VS CODE ICPE'!$A$2:$D$80,4,FALSE),"") | AA54: =IFERROR(VLOOKUP(M54,'CODE H VS CODE ICPE'!$A$2:$D$80,4,FALSE),"") | ... AG54: =IFERROR(VLOOKUP(S54,'CODE H VS CODE ICPE'!$A$2:$D$80,4,FALSE),"") | AH54: =IF(COUNTIF(T54:AG54, "Rejected") > 0, "Rejected", IF(COUNTIF(T54:AG54, "Under request") > 0, "Under request", "Accepted")) -> Accepted | AI54: =IF(T54="",0,IF(T54="Interdit",0,VLOOKUP(F54,'CODE H VS CODE ICPE'!$A$2:$E$80,5,FALSE))) -> 99999.99 | AJ54: =IF(U54="",0,IF(U54="Interdit",0,VLOOKUP(G54,'CODE H VS CODE ICPE'!$A$2:$E$80,5,FALSE))) -> 149999.99 | AK54: =IF(V54="",0,IF(V54="Interdit",0,VLOOKUP(H54,'CODE H VS CODE ICPE'!$A$2:$E$80,5,FALSE))) -> 0 | AL54: =IF(W54="",0,IF(W54="Interdit",0,VLOOKUP(I54,'CODE H VS CODE ICPE'!$A$2:$E$80,5,FALSE))) -> 0 | AM54: =IF(X54="",0,IF(X54="Interdit",0,VLOOKUP(J54,'CODE H VS CODE ICPE'!$A$2:$E$80,5,FALSE))) -> 0 | AN54: =IF(Y54="",0,IF(Y54="Interdit",0,VLOOKUP(K54,'CODE H VS CODE ICPE'!$A$2:$E$80,5,FALSE))) -> 0 | AO54: =IF(Z54="",0,IF(Z54="Interdit",0,VLOOKUP(L54,'CODE H VS CODE ICPE'!$A$2:$E$80,5,FALSE))) -> 0 | AP54: =IF(AA54="",0,IF(AA54="Interdit",0,VLOOKUP(M54,'CODE H VS CODE ICPE'!$A$2:$E$80,5,FALSE))) -> 0 | ... AV54: =IF(AG54="",0,IF(AG54="Interdit",0,VLOOKUP(S54,'CODE H VS CODE ICPE'!$A$2:$E$80,5,FALSE))) -> 0 | AW54: =ADDRESS(2,MATCH(MAX(AI54:AV54),AI54:AV54,0)+COLUMN(AI54)-1) -> $AJ$2 | AX54: =IF(AH54="Interdit","",IF(AW54="$AI$2",AI54,IF(AW54="$AJ$2",AJ54,IF(AW54="$AK$2",AK54,IF(AW54="$AL$2",AL54,IF(AW54="$AM$2",AM54,IF(AW54="$AN$2",AN54,IF(AW54="$AO$2",AO54,IF(AW54="$AP$2",AP54,IF(AW54="$AQ$2",AQ54,IF(AW54="$AR$2",AR54,IF(AW54="$AS$2",AS54,IF(AW54="$AT$2",AT54,IF(AW54="$AU$2",AU54,IF(AW54="$AV$2",AV54,""))))))))))))))) -> 149999.99 | AY54: =IF(AX54="","",IF(AW54="$AI$2",F54,IF(AW54="$AJ$2",G54,IF(AW54="$AK$2",H54,IF(AW54="$AL$2",I54,IF(AW54="$AM$2",J54,IF(AW54="$AN$2",K54,IF(AW54="$AO$2",L54,IF(AW54="$AP$2",M54,IF(AW54="$AQ$2",N54,IF(AW54="$AR$2",O54,IF(AW54="$AS$2",P54,IF(AW54="$AT$2",Q54,IF(AW54="$AU$2",R54,IF(AW54="$AV$2",S54,""))))))))))))))) -> H314 | AZ54: =IF(AY54="","",IF(AY54=0,"",VLOOKUP(AY54,'CODE H VS CODE ICPE'!$A$1:$E$80,3,FALSE))) -> 4320
A55: 1298 | B55: TRIMÉTHYLCHLORO-SILANE | C55: 3 | D55: FC | E55: TRIMETHYLAMINE, AQUEOUS SOLUTION, not more than 50% trimethylamine, by mass | F55: H225 | G55: H314 | T55: =IFERROR(VLOOKUP(F55,'CODE H VS CODE ICPE'!$A$2:$D$80,4,FALSE),"") -> Autorisé | U55: =IFERROR(VLOOKUP(G55,'CODE H VS CODE ICPE'!$A$2:$D$80,4,FALSE),"") -> Autorisé | V55: =IFERROR(VLOOKUP(H55,'CODE H VS CODE ICPE'!$A$2:$D$80,4,FALSE),"") | W55: =IFERROR(VLOOKUP(I55,'CODE H VS CODE ICPE'!$A$2:$D$80,4,FALSE),"") | X55: =IFERROR(VLOOKUP(J55,'CODE H VS CODE ICPE'!$A$2:$D$80,4,FALSE),"") | Y55: =IFERROR(VLOOKUP(K55,'CODE H VS CODE ICPE'!$A$2:$D$80,4,FALSE),"") | Z55: =IFERROR(VLOOKUP(L55,'CODE H VS CODE ICPE'!$A$2:$D$80,4,FALSE),"") | AA55: =IFERROR(VLOOKUP(M55,'CODE H VS CODE ICPE'!$A$2:$D$80,4,FALSE),"") | ... AG55: =IFERROR(VLOOKUP(S55,'CODE H VS CODE ICPE'!$A$2:$D$80,4,FALSE),"") | AH55: =IF(COUNTIF(T55:AG55, "Rejected") > 0, "Rejected", IF(COUNTIF(T55:AG55, "Under request") > 0, "Under request", "Accepted")) -> Accepted | AI55: =IF(T55="",0,IF(T55="Interdit",0,VLOOKUP(F55,'CODE H VS CODE ICPE'!$A$2:$E$80,5,FALSE))) -> 99999.99 | AJ55: =IF(U55="",0,IF(U55="Interdit",0,VLOOKUP(G55,'CODE H VS CODE ICPE'!$A$2:$E$80,5,FALSE))) -> 149999.99 | AK55: =IF(V55="",0,IF(V55="Interdit",0,VLOOKUP(H55,'CODE H VS CODE ICPE'!$A$2:$E$80,5,FALSE))) -> 0 | AL55: =IF(W55="",0,IF(W55="Interdit",0,VLOOKUP(I55,'CODE H VS CODE ICPE'!$A$2:$E$80,5,FALSE))) -> 0 | AM55: =IF(X55="",0,IF(X55="Interdit",0,VLOOKUP(J55,'CODE H VS CODE ICPE'!$A$2:$E$80,5,FALSE))) -> 0 | AN55: =IF(Y55="",0,IF(Y55="Interdit",0,VLOOKUP(K55,'CODE H VS CODE ICPE'!$A$2:$E$80,5,FALSE))) -> 0 | AO55: =IF(Z55="",0,IF(Z55="Interdit",0,VLOOKUP(L55,'CODE H VS CODE ICPE'!$A$2:$E$80,5,FALSE))) -> 0 | AP55: =IF(AA55="",0,IF(AA55="Interdit",0,VLOOKUP(M55,'CODE H VS CODE ICPE'!$A$2:$E$80,5,FALSE))) -> 0 | ... AV55: =IF(AG55="",0,IF(AG55="Interdit",0,VLOOKUP(S55,'CODE H VS CODE ICPE'!$A$2:$E$80,5,FALSE))) -> 0 | AW55: =ADDRESS(2,MATCH(MAX(AI55:AV55),AI55:AV55,0)+COLUMN(AI55)-1) -> $AJ$2 | AX55: =IF(AH55="Interdit","",IF(AW55="$AI$2",AI55,IF(AW55="$AJ$2",AJ55,IF(AW55="$AK$2",AK55,IF(AW55="$AL$2",AL55,IF(AW55="$AM$2",AM55,IF(AW55="$AN$2",AN55,IF(AW55="$AO$2",AO55,IF(AW55="$AP$2",AP55,IF(AW55="$AQ$2",AQ55,IF(AW55="$AR$2",AR55,IF(AW55="$AS$2",AS55,IF(AW55="$AT$2",AT55,IF(AW55="$AU$2",AU55,IF(AW55="$AV$2",AV55,""))))))))))))))) -> 149999.99 | AY55: =IF(AX55="","",IF(AW55="$AI$2",F55,IF(AW55="$AJ$2",G55,IF(AW55="$AK$2",H55,IF(AW55="$AL$2",I55,IF(AW55="$AM$2",J55,IF(AW55="$AN$2",K55,IF(AW55="$AO$2",L55,IF(AW55="$AP$2",M55,IF(AW55="$AQ$2",N55,IF(AW55="$AR$2",O55,IF(AW55="$AS$2",P55,IF(AW55="$AT$2",Q55,IF(AW55="$AU$2",R55,IF(AW55="$AV$2",S55,""))))))))))))))) -> H314 | AZ55: =IF(AY55="","",IF(AY55=0,"",VLOOKUP(AY55,'CODE H VS CODE ICPE'!$A$1:$E$80,3,FALSE))) -> 4320
A56: 1303 | B56: CHLORURE DE VINYLIDÈNE STABILISÉ | C56: 3 | D56: F1 | E56: VINYL ETHYL ETHER, STABILIZED | F56: H225 | G56: H319 | H56: H335 | T56: =IFERROR(VLOOKUP(F56,'CODE H VS CODE ICPE'!$A$2:$D$80,4,FALSE),"") -> Autorisé | U56: =IFERROR(VLOOKUP(G56,'CODE H VS CODE ICPE'!$A$2:$D$80,4,FALSE),"") -> Autorisé | V56: =IFERROR(VLOOKUP(H56,'CODE H VS CODE ICPE'!$A$2:$D$80,4,FALSE),"") -> Autorisé | W56: =IFERROR(VLOOKUP(I56,'CODE H VS CODE ICPE'!$A$2:$D$80,4,FALSE),"") | X56: =IFERROR(VLOOKUP(J56,'CODE H VS CODE ICPE'!$A$2:$D$80,4,FALSE),"") | Y56: =IFERROR(VLOOKUP(K56,'CODE H VS CODE ICPE'!$A$2:$D$80,4,FALSE),"") | Z56: =IFERROR(VLOOKUP(L56,'CODE H VS CODE ICPE'!$A$2:$D$80,4,FALSE),"") | AA56: =IFERROR(VLOOKUP(M56,'CODE H VS CODE ICPE'!$A$2:$D$80,4,FALSE),"") | ... AG56: =IFERROR(VLOOKUP(S56,'CODE H VS CODE ICPE'!$A$2:$D$80,4,FALSE),"") | AH56: =IF(COUNTIF(T56:AG56, "Rejected") > 0, "Rejected", IF(COUNTIF(T56:AG56, "Under request") > 0, "Under request", "Accepted")) -> Accepted | AI56: =IF(T56="",0,IF(T56="Interdit",0,VLOOKUP(F56,'CODE H VS CODE ICPE'!$A$2:$E$80,5,FALSE))) -> 99999.99 | AJ56: =IF(U56="",0,IF(U56="Interdit",0,VLOOKUP(G56,'CODE H VS CODE ICPE'!$A$2:$E$80,5,FALSE))) -> 99999.99 | AK56: =IF(V56="",0,IF(V56="Interdit",0,VLOOKUP(H56,'CODE H VS CODE ICPE'!$A$2:$E$80,5,FALSE))) -> 99999.99 | AL56: =IF(W56="",0,IF(W56="Interdit",0,VLOOKUP(I56,'CODE H VS CODE ICPE'!$A$2:$E$80,5,FALSE))) -> 0 | AM56: =IF(X56="",0,IF(X56="Interdit",0,VLOOKUP(J56,'CODE H VS CODE ICPE'!$A$2:$E$80,5,FALSE))) -> 0 | AN56: =IF(Y56="",0,IF(Y56="Interdit",0,VLOOKUP(K56,'CODE H VS CODE ICPE'!$A$2:$E$80,5,FALSE))) -> 0 | AO56: =IF(Z56="",0,IF(Z56="Interdit",0,VLOOKUP(L56,'CODE H VS CODE ICPE'!$A$2:$E$80,5,FALSE))) -> 0 | AP56: =IF(AA56="",0,IF(AA56="Interdit",0,VLOOKUP(M56,'CODE H VS CODE ICPE'!$A$2:$E$80,5,FALSE))) -> 0 | ... AV56: =IF(AG56="",0,IF(AG56="Interdit",0,VLOOKUP(S56,'CODE H VS CODE ICPE'!$A$2:$E$80,5,FALSE))) -> 0 | AW56: =ADDRESS(2,MATCH(MAX(AI56:AV56),AI56:AV56,0)+COLUMN(AI56)-1) -> $AI$2 | AX56: =IF(AH56="Interdit","",IF(AW56="$AI$2",AI56,IF(AW56="$AJ$2",AJ56,IF(AW56="$AK$2",AK56,IF(AW56="$AL$2",AL56,IF(AW56="$AM$2",AM56,IF(AW56="$AN$2",AN56,IF(AW56="$AO$2",AO56,IF(AW56="$AP$2",AP56,IF(AW56="$AQ$2",AQ56,IF(AW56="$AR$2",AR56,IF(AW56="$AS$2",AS56,IF(AW56="$AT$2",AT56,IF(AW56="$AU$2",AU56,IF(AW56="$AV$2",AV56,""))))))))))))))) -> 99999.99 | AY56: =IF(AX56="","",IF(AW56="$AI$2",F56,IF(AW56="$AJ$2",G56,IF(AW56="$AK$2",H56,IF(AW56="$AL$2",I56,IF(AW56="$AM$2",J56,IF(AW56="$AN$2",K56,IF(AW56="$AO$2",L56,IF(AW56="$AP$2",M56,IF(AW56="$AQ$2",N56,IF(AW56="$AR$2",O56,IF(AW56="$AS$2",P56,IF(AW56="$AT$2",Q56,IF(AW56="$AU$2",R56,IF(AW56="$AV$2",S56,""))))))))))))))) -> H225 | AZ56: =IF(AY56="","",IF(AY56=0,"",VLOOKUP(AY56,'CODE H VS CODE ICPE'!$A$1:$E$80,3,FALSE))) -> 4331
A57: 1309 | B57: ALUMINIUM EN POUDRE ENROBÉ | C57: 3 | D57: F1 | E57: ZIRCONIUM SUSPENDED IN A FLAMMABLE LIQUID | F57: H228 | T57: =IFERROR(VLOOKUP(F57,'CODE H VS CODE ICPE'!$A$2:$D$80,4,FALSE),"") -> Autorisé | U57: =IFERROR(VLOOKUP(G57,'CODE H VS CODE ICPE'!$A$2:$D$80,4,FALSE),"") | V57: =IFERROR(VLOOKUP(H57,'CODE H VS CODE ICPE'!$A$2:$D$80,4,FALSE),"") | W57: =IFERROR(VLOOKUP(I57,'CODE H VS CODE ICPE'!$A$2:$D$80,4,FALSE),"") | X57: =IFERROR(VLOOKUP(J57,'CODE H VS CODE ICPE'!$A$2:$D$80,4,FALSE),"") | Y57: =IFERROR(VLOOKUP(K57,'CODE H VS CODE ICPE'!$A$2:$D$80,4,FALSE),"") | Z57: =IFERROR(VLOOKUP(L57,'CODE H VS CODE ICPE'!$A$2:$D$80,4,FALSE),"") | AA57: =IFERROR(VLOOKUP(M57,'CODE H VS CODE ICPE'!$A$2:$D$80,4,FALSE),"") | ... AG57: =IFERROR(VLOOKUP(S57,'CODE H VS CODE ICPE'!$A$2:$D$80,4,FALSE),"") | AH57: =IF(COUNTIF(T57:AG57, "Rejected") > 0, "Rejected", IF(COUNTIF(T57:AG57, "Under request") > 0, "Under request", "Accepted")) -> Accepted | AI57: =IF(T57="",0,IF(T57="Interdit",0,VLOOKUP(F57,'CODE H VS CODE ICPE'!$A$2:$E$80,5,FALSE))) -> 999.99 | AJ57: =IF(U57="",0,IF(U57="Interdit",0,VLOOKUP(G57,'CODE H VS CODE ICPE'!$A$2:$E$80,5,FALSE))) -> 0 | AK57: =IF(V57="",0,IF(V57="Interdit",0,VLOOKUP(H57,'CODE H VS CODE ICPE'!$A$2:$E$80,5,FALSE))) -> 0 | AL57: =IF(W57="",0,IF(W57="Interdit",0,VLOOKUP(I57,'CODE H VS CODE ICPE'!$A$2:$E$80,5,FALSE))) -> 0 | AM57: =IF(X57="",0,IF(X57="Interdit",0,VLOOKUP(J57,'CODE H VS CODE ICPE'!$A$2:$E$80,5,FALSE))) -> 0 | AN57: =IF(Y57="",0,IF(Y57="Interdit",0,VLOOKUP(K57,'CODE H VS CODE ICPE'!$A$2:$E$80,5,FALSE))) -> 0 | AO57: =IF(Z57="",0,IF(Z57="Interdit",0,VLOOKUP(L57,'CODE H VS CODE ICPE'!$A$2:$E$80,5,FALSE))) -> 0 | AP57: =IF(AA57="",0,IF(AA57="Interdit",0,VLOOKUP(M57,'CODE H VS CODE ICPE'!$A$2:$E$80,5,FALSE))) -> 0 | ... AV57: =IF(AG57="",0,IF(AG57="Interdit",0,VLOOKUP(S57,'CODE H VS CODE ICPE'!$A$2:$E$80,5,FALSE))) -> 0 | AW57: =ADDRESS(2,MATCH(MAX(AI57:AV57),AI57:AV57,0)+COLUMN(AI57)-1) -> $AI$2 | AX57: =IF(AH57="Interdit","",IF(AW57="$AI$2",AI57,IF(AW57="$AJ$2",AJ57,IF(AW57="$AK$2",AK57,IF(AW57="$AL$2",AL57,IF(AW57="$AM$2",AM57,IF(AW57="$AN$2",AN57,IF(AW57="$AO$2",AO57,IF(AW57="$AP$2",AP57,IF(AW57="$AQ$2",AQ57,IF(AW57="$AR$2",AR57,IF(AW57="$AS$2",AS57,IF(AW57="$AT$2",AT57,IF(AW57="$AU$2",AU57,IF(AW57="$AV$2",AV57,""))))))))))))))) -> 999.99 | AY57: =IF(AX57="","",IF(AW57="$AI$2",F57,IF(AW57="$AJ$2",G57,IF(AW57="$AK$2",H57,IF(AW57="$AL$2",I57,IF(AW57="$AM$2",J57,IF(AW57="$AN$2",K57,IF(AW57="$AO$2",L57,IF(AW57="$AP$2",M57,IF(AW57="$AQ$2",N57,IF(AW57="$AR$2",O57,IF(AW57="$AS$2",P57,IF(AW57="$AT$2",Q57,IF(AW57="$AU$2",R57,IF(AW57="$AV$2",S57,""))))))))))))))) -> H228 | AZ57: =IF(AY57="","",IF(AY57=0,"",VLOOKUP(AY57,'CODE H VS CODE ICPE'!$A$1:$E$80,3,FALSE))) -> 4310
A58: 1312 | B58: BORNÉOL | C58: 4.1 | D58: D | E58: AMMONIUM PICRATE, WETTED with not less than 10% water, by mass | F58: H228 | T58: =IFERROR(VLOOKUP(F58,'CODE H VS CODE ICPE'!$A$2:$D$80,4,FALSE),"") -> Autorisé | U58: =IFERROR(VLOOKUP(G58,'CODE H VS CODE ICPE'!$A$2:$D$80,4,FALSE),"") | V58: =IFERROR(VLOOKUP(H58,'CODE H VS CODE ICPE'!$A$2:$D$80,4,FALSE),"") | W58: =IFERROR(VLOOKUP(I58,'CODE H VS CODE ICPE'!$A$2:$D$80,4,FALSE),"") | X58: =IFERROR(VLOOKUP(J58,'CODE H VS CODE ICPE'!$A$2:$D$80,4,FALSE),"") | Y58: =IFERROR(VLOOKUP(K58,'CODE H VS CODE ICPE'!$A$2:$D$80,4,FALSE),"") | Z58: =IFERROR(VLOOKUP(L58,'CODE H VS CODE ICPE'!$A$2:$D$80,4,FALSE),"") | AA58: =IFERROR(VLOOKUP(M58,'CODE H VS CODE ICPE'!$A$2:$D$80,4,FALSE),"") | ... AG58: =IFERROR(VLOOKUP(S58,'CODE H VS CODE ICPE'!$A$2:$D$80,4,FALSE),"") | AH58: Rejected | AI58: =IF(T58="",0,IF(T58="Interdit",0,VLOOKUP(F58,'CODE H VS CODE ICPE'!$A$2:$E$80,5,FALSE))) -> 999.99 | AJ58: =IF(U58="",0,IF(U58="Interdit",0,VLOOKUP(G58,'CODE H VS CODE ICPE'!$A$2:$E$80,5,FALSE))) -> 0 | AK58: =IF(V58="",0,IF(V58="Interdit",0,VLOOKUP(H58,'CODE H VS CODE ICPE'!$A$2:$E$80,5,FALSE))) -> 0 | AL58: =IF(W58="",0,IF(W58="Interdit",0,VLOOKUP(I58,'CODE H VS CODE ICPE'!$A$2:$E$80,5,FALSE))) -> 0 | AM58: =IF(X58="",0,IF(X58="Interdit",0,VLOOKUP(J58,'CODE H VS CODE ICPE'!$A$2:$E$80,5,FALSE))) -> 0 | AN58: =IF(Y58="",0,IF(Y58="Interdit",0,VLOOKUP(K58,'CODE H VS CODE ICPE'!$A$2:$E$80,5,FALSE))) -> 0 | AO58: =IF(Z58="",0,IF(Z58="Interdit",0,VLOOKUP(L58,'CODE H VS CODE ICPE'!$A$2:$E$80,5,FALSE))) -> 0 | AP58: =IF(AA58="",0,IF(AA58="Interdit",0,VLOOKUP(M58,'CODE H VS CODE ICPE'!$A$2:$E$80,5,FALSE))) -> 0 | ... AV58: =IF(AG58="",0,IF(AG58="Interdit",0,VLOOKUP(S58,'CODE H VS CODE ICPE'!$A$2:$E$80,5,FALSE))) -> 0 | AW58: =ADDRESS(2,MATCH(MAX(AI58:AV58),AI58:AV58,0)+COLUMN(AI58)-1) -> $AI$2 | AX58: =IF(AH58="Interdit","",IF(AW58="$AI$2",AI58,IF(AW58="$AJ$2",AJ58,IF(AW58="$AK$2",AK58,IF(AW58="$AL$2",AL58,IF(AW58="$AM$2",AM58,IF(AW58="$AN$2",AN58,IF(AW58="$AO$2",AO58,IF(AW58="$AP$2",AP58,IF(AW58="$AQ$2",AQ58,IF(AW58="$AR$2",AR58,IF(AW58="$AS$2",AS58,IF(AW58="$AT$2",AT58,IF(AW58="$AU$2",AU58,IF(AW58="$AV$2",AV58,""))))))))))))))) -> 999.99 | AY58: =IF(AX58="","",IF(AW58="$AI$2",F58,IF(AW58="$AJ$2",G58,IF(AW58="$AK$2",H58,IF(AW58="$AL$2",I58,IF(AW58="$AM$2",J58,IF(AW58="$AN$2",K58,IF(AW58="$AO$2",L58,IF(AW58="$AP$2",M58,IF(AW58="$AQ$2",N58,IF(AW58="$AR$2",O58,IF(AW58="$AS$2",P58,IF(AW58="$AT$2",Q58,IF(AW58="$AU$2",R58,IF(AW58="$AV$2",S58,""))))))))))))))) -> H228 | AZ58: =IF(AY58="","",IF(AY58=0,"",VLOOKUP(AY58,'CODE H VS CODE ICPE'!$A$1:$E$80,3,FALSE))) -> 4310
A59: 1313 | B59: RÉSINATE DE CALCIUM | C59: 4.1 | D59: F1 | E59: BORNEOL | F59: H228 | T59: =IFERROR(VLOOKUP(F59,'CODE H VS CODE ICPE'!$A$2:$D$80,4,FALSE),"") -> Autorisé | U59: =IFERROR(VLOOKUP(G59,'CODE H VS CODE ICPE'!$A$2:$D$80,4,FALSE),"") | V59: =IFERROR(VLOOKUP(H59,'CODE H VS CODE ICPE'!$A$2:$D$80,4,FALSE),"") | W59: =IFERROR(VLOOKUP(I59,'CODE H VS CODE ICPE'!$A$2:$D$80,4,FALSE),"") | X59: =IFERROR(VLOOKUP(J59,'CODE H VS CODE ICPE'!$A$2:$D$80,4,FALSE),"") | Y59: =IFERROR(VLOOKUP(K59,'CODE H VS CODE ICPE'!$A$2:$D$80,4,FALSE),"") | Z59: =IFERROR(VLOOKUP(L59,'CODE H VS CODE ICPE'!$A$2:$D$80,4,FALSE),"") | AA59: =IFERROR(VLOOKUP(M59,'CODE H VS CODE ICPE'!$A$2:$D$80,4,FALSE),"") | ... AG59: =IFERROR(VLOOKUP(S59,'CODE H VS CODE ICPE'!$A$2:$D$80,4,FALSE),"") | AH59: Rejected | AI59: =IF(T59="",0,IF(T59="Interdit",0,VLOOKUP(F59,'CODE H VS CODE ICPE'!$A$2:$E$80,5,FALSE))) -> 999.99 | AJ59: =IF(U59="",0,IF(U59="Interdit",0,VLOOKUP(G59,'CODE H VS CODE ICPE'!$A$2:$E$80,5,FALSE))) -> 0 | AK59: =IF(V59="",0,IF(V59="Interdit",0,VLOOKUP(H59,'CODE H VS CODE ICPE'!$A$2:$E$80,5,FALSE))) -> 0 | AL59: =IF(W59="",0,IF(W59="Interdit",0,VLOOKUP(I59,'CODE H VS CODE ICPE'!$A$2:$E$80,5,FALSE))) -> 0 | AM59: =IF(X59="",0,IF(X59="Interdit",0,VLOOKUP(J59,'CODE H VS CODE ICPE'!$A$2:$E$80,5,FALSE))) -> 0 | AN59: =IF(Y59="",0,IF(Y59="Interdit",0,VLOOKUP(K59,'CODE H VS CODE ICPE'!$A$2:$E$80,5,FALSE))) -> 0 | AO59: =IF(Z59="",0,IF(Z59="Interdit",0,VLOOKUP(L59,'CODE H VS CODE ICPE'!$A$2:$E$80,5,FALSE))) -> 0 | AP59: =IF(AA59="",0,IF(AA59="Interdit",0,VLOOKUP(M59,'CODE H VS CODE ICPE'!$A$2:$E$80,5,FALSE))) -> 0 | ... AV59: =IF(AG59="",0,IF(AG59="Interdit",0,VLOOKUP(S59,'CODE H VS CODE ICPE'!$A$2:$E$80,5,FALSE))) -> 0 | AW59: =ADDRESS(2,MATCH(MAX(AI59:AV59),AI59:AV59,0)+COLUMN(AI59)-1) -> $AI$2 | AX59: =IF(AH59="Interdit","",IF(AW59="$AI$2",AI59,IF(AW59="$AJ$2",AJ59,IF(AW59="$AK$2",AK59,IF(AW59="$AL$2",AL59,IF(AW59="$AM$2",AM59,IF(AW59="$AN$2",AN59,IF(AW59="$AO$2",AO59,IF(AW59="$AP$2",AP59,IF(AW59="$AQ$2",AQ59,IF(AW59="$AR$2",AR59,IF(AW59="$AS$2",AS59,IF(AW59="$AT$2",AT59,IF(AW59="$AU$2",AU59,IF(AW59="$AV$2",AV59,""))))))))))))))) -> 999.99 | AY59: =IF(AX59="","",IF(AW59="$AI$2",F59,IF(AW59="$AJ$2",G59,IF(AW59="$AK$2",H59,IF(AW59="$AL$2",I59,IF(AW59="$AM$2",J59,IF(AW59="$AN$2",K59,IF(AW59="$AO$2",L59,IF(AW59="$AP$2",M59,IF(AW59="$AQ$2",N59,IF(AW59="$AR$2",O59,IF(AW59="$AS$2",P59,IF(AW59="$AT$2",Q59,IF(AW59="$AU$2",R59,IF(AW59="$AV$2",S59,""))))))))))))))) -> H228 | AZ59: =IF(AY59="","",IF(AY59=0,"",VLOOKUP(AY59,'CODE H VS CODE ICPE'!$A$1:$E$80,3,FALSE))) -> 4310
A60: 1314 | B60: RÉSINATE DE CALCIUM FONDU | C60: 4.1 | D60: F3 | E60: CALCIUM RESINATE | F60: H228 | T60: =IFERROR(VLOOKUP(F60,'CODE H VS CODE ICPE'!$A$2:$D$80,4,FALSE),"") -> Autorisé | U60: =IFERROR(VLOOKUP(G60,'CODE H VS CODE ICPE'!$A$2:$D$80,4,FALSE),"") | V60: =IFERROR(VLOOKUP(H60,'CODE H VS CODE ICPE'!$A$2:$D$80,4,FALSE),"") | W60: =IFERROR(VLOOKUP(I60,'CODE H VS CODE ICPE'!$A$2:$D$80,4,FALSE),"") | X60: =IFERROR(VLOOKUP(J60,'CODE H VS CODE ICPE'!$A$2:$D$80,4,FALSE),"") | Y60: =IFERROR(VLOOKUP(K60,'CODE H VS CODE ICPE'!$A$2:$D$80,4,FALSE),"") | Z60: =IFERROR(VLOOKUP(L60,'CODE H VS CODE ICPE'!$A$2:$D$80,4,FALSE),"") | AA60: =IFERROR(VLOOKUP(M60,'CODE H VS CODE ICPE'!$A$2:$D$80,4,FALSE),"") | ... AG60: =IFERROR(VLOOKUP(S60,'CODE H VS CODE ICPE'!$A$2:$D$80,4,FALSE),"") | AH60: Rejected | AI60: =IF(T60="",0,IF(T60="Interdit",0,VLOOKUP(F60,'CODE H VS CODE ICPE'!$A$2:$E$80,5,FALSE))) -> 999.99 | AJ60: =IF(U60="",0,IF(U60="Interdit",0,VLOOKUP(G60,'CODE H VS CODE ICPE'!$A$2:$E$80,5,FALSE))) -> 0 | AK60: =IF(V60="",0,IF(V60="Interdit",0,VLOOKUP(H60,'CODE H VS CODE ICPE'!$A$2:$E$80,5,FALSE))) -> 0 | AL60: =IF(W60="",0,IF(W60="Interdit",0,VLOOKUP(I60,'CODE H VS CODE ICPE'!$A$2:$E$80,5,FALSE))) -> 0 | AM60: =IF(X60="",0,IF(X60="Interdit",0,VLOOKUP(J60,'CODE H VS CODE ICPE'!$A$2:$E$80,5,FALSE))) -> 0 | AN60: =IF(Y60="",0,IF(Y60="Interdit",0,VLOOKUP(K60,'CODE H VS CODE ICPE'!$A$2:$E$80,5,FALSE))) -> 0 | AO60: =IF(Z60="",0,IF(Z60="Interdit",0,VLOOKUP(L60,'CODE H VS CODE ICPE'!$A$2:$E$80,5,FALSE))) -> 0 | AP60: =IF(AA60="",0,IF(AA60="Interdit",0,VLOOKUP(M60,'CODE H VS CODE ICPE'!$A$2:$E$80,5,FALSE))) -> 0 | ... AV60: =IF(AG60="",0,IF(AG60="Interdit",0,VLOOKUP(S60,'CODE H VS CODE ICPE'!$A$2:$E$80,5,FALSE))) -> 0 | AW60: =ADDRESS(2,MATCH(MAX(AI60:AV60),AI60:AV60,0)+COLUMN(AI60)-1) -> $AI$2 | AX60: =IF(AH60="Interdit","",IF(AW60="$AI$2",AI60,IF(AW60="$AJ$2",AJ60,IF(AW60="$AK$2",AK60,IF(AW60="$AL$2",AL60,IF(AW60="$AM$2",AM60,IF(AW60="$AN$2",AN60,IF(AW60="$AO$2",AO60,IF(AW60="$AP$2",AP60,IF(AW60="$AQ$2",AQ60,IF(AW60="$AR$2",AR60,IF(AW60="$AS$2",AS60,IF(AW60="$AT$2",AT60,IF(AW60="$AU$2",AU60,IF(AW60="$AV$2",AV60,""))))))))))))))) -> 999.99 | AY60: =IF(AX60="","",IF(AW60="$AI$2",F60,IF(AW60="$AJ$2",G60,IF(AW60="$AK$2",H60,IF(AW60="$AL$2",I60,IF(AW60="$AM$2",J60,IF(AW60="$AN$2",K60,IF(AW60="$AO$2",L60,IF(AW60="$AP$2",M60,IF(AW60="$AQ$2",N60,IF(AW60="$AR$2",O60,IF(AW60="$AS$2",P60,IF(AW60="$AT$2",Q60,IF(AW60="$AU$2",R60,IF(AW60="$AV$2",S60,""))))))))))))))) -> H228 | AZ60: =IF(AY60="","",IF(AY60=0,"",VLOOKUP(AY60,'CODE H VS CODE ICPE'!$A$1:$E$80,3,FALSE))) -> 4310
A61: 1318 | B61: RÉSINATE DE COBALT PRÉCIPITÉ | C61: 4.1 | D61: F3 | E61: CALCIUM RESINATE, FUSED | F61: H228 | T61: =IFERROR(VLOOKUP(F61,'CODE H VS CODE ICPE'!$A$2:$D$80,4,FALSE),"") -> Autorisé | U61: =IFERROR(VLOOKUP(G61,'CODE H VS CODE ICPE'!$A$2:$D$80,4,FALSE),"") | V61: =IFERROR(VLOOKUP(H61,'CODE H VS CODE ICPE'!$A$2:$D$80,4,FALSE),"") | W61: =IFERROR(VLOOKUP(I61,'CODE H VS CODE ICPE'!$A$2:$D$80,4,FALSE),"") | X61: =IFERROR(VLOOKUP(J61,'CODE H VS CODE ICPE'!$A$2:$D$80,4,FALSE),"") | Y61: =IFERROR(VLOOKUP(K61,'CODE H VS CODE ICPE'!$A$2:$D$80,4,FALSE),"") | Z61: =IFERROR(VLOOKUP(L61,'CODE H VS CODE ICPE'!$A$2:$D$80,4,FALSE),"") | AA61: =IFERROR(VLOOKUP(M61,'CODE H VS CODE ICPE'!$A$2:$D$80,4,FALSE),"") | ... AG61: =IFERROR(VLOOKUP(S61,'CODE H VS CODE ICPE'!$A$2:$D$80,4,FALSE),"") | AH61: Rejected | AI61: =IF(T61="",0,IF(T61="Interdit",0,VLOOKUP(F61,'CODE H VS CODE ICPE'!$A$2:$E$80,5,FALSE))) -> 999.99 | AJ61: =IF(U61="",0,IF(U61="Interdit",0,VLOOKUP(G61,'CODE H VS CODE ICPE'!$A$2:$E$80,5,FALSE))) -> 0 | AK61: =IF(V61="",0,IF(V61="Interdit",0,VLOOKUP(H61,'CODE H VS CODE ICPE'!$A$2:$E$80,5,FALSE))) -> 0 | AL61: =IF(W61="",0,IF(W61="Interdit",0,VLOOKUP(I61,'CODE H VS CODE ICPE'!$A$2:$E$80,5,FALSE))) -> 0 | AM61: =IF(X61="",0,IF(X61="Interdit",0,VLOOKUP(J61,'CODE H VS CODE ICPE'!$A$2:$E$80,5,FALSE))) -> 0 | AN61: =IF(Y61="",0,IF(Y61="Interdit",0,VLOOKUP(K61,'CODE H VS CODE ICPE'!$A$2:$E$80,5,FALSE))) -> 0 | AO61: =IF(Z61="",0,IF(Z61="Interdit",0,VLOOKUP(L61,'CODE H VS CODE ICPE'!$A$2:$E$80,5,FALSE))) -> 0 | AP61: =IF(AA61="",0,IF(AA61="Interdit",0,VLOOKUP(M61,'CODE H VS CODE ICPE'!$A$2:$E$80,5,FALSE))) -> 0 | ... AV61: =IF(AG61="",0,IF(AG61="Interdit",0,VLOOKUP(S61,'CODE H VS CODE ICPE'!$A$2:$E$80,5,FALSE))) -> 0 | AW61: =ADDRESS(2,MATCH(MAX(AI61:AV61),AI61:AV61,0)+COLUMN(AI61)-1) -> $AI$2 | AX61: =IF(AH61="Interdit","",IF(AW61="$AI$2",AI61,IF(AW61="$AJ$2",AJ61,IF(AW61="$AK$2",AK61,IF(AW61="$AL$2",AL61,IF(AW61="$AM$2",AM61,IF(AW61="$AN$2",AN61,IF(AW61="$AO$2",AO61,IF(AW61="$AP$2",AP61,IF(AW61="$AQ$2",AQ61,IF(AW61="$AR$2",AR61,IF(AW61="$AS$2",AS61,IF(AW61="$AT$2",AT61,IF(AW61="$AU$2",AU61,IF(AW61="$AV$2",AV61,""))))))))))))))) -> 999.99 | AY61: =IF(AX61="","",IF(AW61="$AI$2",F61,IF(AW61="$AJ$2",G61,IF(AW61="$AK$2",H61,IF(AW61="$AL$2",I61,IF(AW61="$AM$2",J61,IF(AW61="$AN$2",K61,IF(AW61="$AO$2",L61,IF(AW61="$AP$2",M61,IF(AW61="$AQ$2",N61,IF(AW61="$AR$2",O61,IF(AW61="$AS$2",P61,IF(AW61="$AT$2",Q61,IF(AW61="$AU$2",R61,IF(AW61="$AV$2",S61,""))))))))))))))) -> H228 | AZ61: =IF(AY61="","",IF(AY61=0,"",VLOOKUP(AY61,'CODE H VS CODE ICPE'!$A$1:$E$80,3,FALSE))) -> 4310
A62: 1323 | B62: FERROCÉRIUM | C62: 4.1 | D62: D | E62: DINITRORESORCINOL, WETTED with not less than 15% water, by mass | F62: H228 | T62: =IFERROR(VLOOKUP(F62,'CODE H VS CODE ICPE'!$A$2:$D$80,4,FALSE),"") -> Autorisé | U62: =IFERROR(VLOOKUP(G62,'CODE H VS CODE ICPE'!$A$2:$D$80,4,FALSE),"") | V62: =IFERROR(VLOOKUP(H62,'CODE H VS CODE ICPE'!$A$2:$D$80,4,FALSE),"") | W62: =IFERROR(VLOOKUP(I62,'CODE H VS CODE ICPE'!$A$2:$D$80,4,FALSE),"") | X62: =IFERROR(VLOOKUP(J62,'CODE H VS CODE ICPE'!$A$2:$D$80,4,FALSE),"") | Y62: =IFERROR(VLOOKUP(K62,'CODE H VS CODE ICPE'!$A$2:$D$80,4,FALSE),"") | Z62: =IFERROR(VLOOKUP(L62,'CODE H VS CODE ICPE'!$A$2:$D$80,4,FALSE),"") | AA62: =IFERROR(VLOOKUP(M62,'CODE H VS CODE ICPE'!$A$2:$D$80,4,FALSE),"") | ... AG62: =IFERROR(VLOOKUP(S62,'CODE H VS CODE ICPE'!$A$2:$D$80,4,FALSE),"") | AH62: Rejected | AI62: =IF(T62="",0,IF(T62="Interdit",0,VLOOKUP(F62,'CODE H VS CODE ICPE'!$A$2:$E$80,5,FALSE))) -> 999.99 | AJ62: =IF(U62="",0,IF(U62="Interdit",0,VLOOKUP(G62,'CODE H VS CODE ICPE'!$A$2:$E$80,5,FALSE))) -> 0 | AK62: =IF(V62="",0,IF(V62="Interdit",0,VLOOKUP(H62,'CODE H VS CODE ICPE'!$A$2:$E$80,5,FALSE))) -> 0 | AL62: =IF(W62="",0,IF(W62="Interdit",0,VLOOKUP(I62,'CODE H VS CODE ICPE'!$A$2:$E$80,5,FALSE))) -> 0 | AM62: =IF(X62="",0,IF(X62="Interdit",0,VLOOKUP(J62,'CODE H VS CODE ICPE'!$A$2:$E$80,5,FALSE))) -> 0 | AN62: =IF(Y62="",0,IF(Y62="Interdit",0,VLOOKUP(K62,'CODE H VS CODE ICPE'!$A$2:$E$80,5,FALSE))) -> 0 | AO62: =IF(Z62="",0,IF(Z62="Interdit",0,VLOOKUP(L62,'CODE H VS CODE ICPE'!$A$2:$E$80,5,FALSE))) -> 0 | AP62: =IF(AA62="",0,IF(AA62="Interdit",0,VLOOKUP(M62,'CODE H VS CODE ICPE'!$A$2:$E$80,5,FALSE))) -> 0 | ... AV62: =IF(AG62="",0,IF(AG62="Interdit",0,VLOOKUP(S62,'CODE H VS CODE ICPE'!$A$2:$E$80,5,FALSE))) -> 0 | AW62: =ADDRESS(2,MATCH(MAX(AI62:AV62),AI62:AV62,0)+COLUMN(AI62)-1) -> $AI$2 | AX62: =IF(AH62="Interdit","",IF(AW62="$AI$2",AI62,IF(AW62="$AJ$2",AJ62,IF(AW62="$AK$2",AK62,IF(AW62="$AL$2",AL62,IF(AW62="$AM$2",AM62,IF(AW62="$AN$2",AN62,IF(AW62="$AO$2",AO62,IF(AW62="$AP$2",AP62,IF(AW62="$AQ$2",AQ62,IF(AW62="$AR$2",AR62,IF(AW62="$AS$2",AS62,IF(AW62="$AT$2",AT62,IF(AW62="$AU$2",AU62,IF(AW62="$AV$2",AV62,""))))))))))))))) -> 999.99 | AY62: =IF(AX62="","",IF(AW62="$AI$2",F62,IF(AW62="$AJ$2",G62,IF(AW62="$AK$2",H62,IF(AW62="$AL$2",I62,IF(AW62="$AM$2",J62,IF(AW62="$AN$2",K62,IF(AW62="$AO$2",L62,IF(AW62="$AP$2",M62,IF(AW62="$AQ$2",N62,IF(AW62="$AR$2",O62,IF(AW62="$AS$2",P62,IF(AW62="$AT$2",Q62,IF(AW62="$AU$2",R62,IF(AW62="$AV$2",S62,""))))))))))))))) -> H228 | AZ62: =IF(AY62="","",IF(AY62=0,"",VLOOKUP(AY62,'CODE H VS CODE ICPE'!$A$1:$E$80,3,FALSE))) -> 4310
A63: 1324 | B63: FILMS À SUPPORT NITRO-CELLULOSIQUE avec couche de gélatine (à l'exclusion des déchets) | C63: 4.1 | D63: F3 | E63: FERROCERIUM | F63: H228 | T63: =IFERROR(VLOOKUP(F63,'CODE H VS CODE ICPE'!$A$2:$D$80,4,FALSE),"") -> Autorisé | U63: =IFERROR(VLOOKUP(G63,'CODE H VS CODE ICPE'!$A$2:$D$80,4,FALSE),"") | V63: =IFERROR(VLOOKUP(H63,'CODE H VS CODE ICPE'!$A$2:$D$80,4,FALSE),"") | W63: =IFERROR(VLOOKUP(I63,'CODE H VS CODE ICPE'!$A$2:$D$80,4,FALSE),"") | X63: =IFERROR(VLOOKUP(J63,'CODE H VS CODE ICPE'!$A$2:$D$80,4,FALSE),"") | Y63: =IFERROR(VLOOKUP(K63,'CODE H VS CODE ICPE'!$A$2:$D$80,4,FALSE),"") | Z63: =IFERROR(VLOOKUP(L63,'CODE H VS CODE ICPE'!$A$2:$D$80,4,FALSE),"") | AA63: =IFERROR(VLOOKUP(M63,'CODE H VS CODE ICPE'!$A$2:$D$80,4,FALSE),"") | ... AG63: =IFERROR(VLOOKUP(S63,'CODE H VS CODE ICPE'!$A$2:$D$80,4,FALSE),"") | AH63: Rejected | AI63: =IF(T63="",0,IF(T63="Interdit",0,VLOOKUP(F63,'CODE H VS CODE ICPE'!$A$2:$E$80,5,FALSE))) -> 999.99 | AJ63: =IF(U63="",0,IF(U63="Interdit",0,VLOOKUP(G63,'CODE H VS CODE ICPE'!$A$2:$E$80,5,FALSE))) -> 0 | AK63: =IF(V63="",0,IF(V63="Interdit",0,VLOOKUP(H63,'CODE H VS CODE ICPE'!$A$2:$E$80,5,FALSE))) -> 0 | AL63: =IF(W63="",0,IF(W63="Interdit",0,VLOOKUP(I63,'CODE H VS CODE ICPE'!$A$2:$E$80,5,FALSE))) -> 0 | AM63: =IF(X63="",0,IF(X63="Interdit",0,VLOOKUP(J63,'CODE H VS CODE ICPE'!$A$2:$E$80,5,FALSE))) -> 0 | AN63: =IF(Y63="",0,IF(Y63="Interdit",0,VLOOKUP(K63,'CODE H VS CODE ICPE'!$A$2:$E$80,5,FALSE))) -> 0 | AO63: =IF(Z63="",0,IF(Z63="Interdit",0,VLOOKUP(L63,'CODE H VS CODE ICPE'!$A$2:$E$80,5,FALSE))) -> 0 | AP63: =IF(AA63="",0,IF(AA63="Interdit",0,VLOOKUP(M63,'CODE H VS CODE ICPE'!$A$2:$E$80,5,FALSE))) -> 0 | ... AV63: =IF(AG63="",0,IF(AG63="Interdit",0,VLOOKUP(S63,'CODE H VS CODE ICPE'!$A$2:$E$80,5,FALSE))) -> 0 | AW63: =ADDRESS(2,MATCH(MAX(AI63:AV63),AI63:AV63,0)+COLUMN(AI63)-1) -> $AI$2 | AX63: =IF(AH63="Interdit","",IF(AW63="$AI$2",AI63,IF(AW63="$AJ$2",AJ63,IF(AW63="$AK$2",AK63,IF(AW63="$AL$2",AL63,IF(AW63="$AM$2",AM63,IF(AW63="$AN$2",AN63,IF(AW63="$AO$2",AO63,IF(AW63="$AP$2",AP63,IF(AW63="$AQ$2",AQ63,IF(AW63="$AR$2",AR63,IF(AW63="$AS$2",AS63,IF(AW63="$AT$2",AT63,IF(AW63="$AU$2",AU63,IF(AW63="$AV$2",AV63,""))))))))))))))) -> 999.99 | AY63: =IF(AX63="","",IF(AW63="$AI$2",F63,IF(AW63="$AJ$2",G63,IF(AW63="$AK$2",H63,IF(AW63="$AL$2",I63,IF(AW63="$AM$2",J63,IF(AW63="$AN$2",K63,IF(AW63="$AO$2",L63,IF(AW63="$AP$2",M63,IF(AW63="$AQ$2",N63,IF(AW63="$AR$2",O63,IF(AW63="$AS$2",P63,IF(AW63="$AT$2",Q63,IF(AW63="$AU$2",R63,IF(AW63="$AV$2",S63,""))))))))))))))) -> H228 | AZ63: =IF(AY63="","",IF(AY63=0,"",VLOOKUP(AY63,'CODE H VS CODE ICPE'!$A$1:$E$80,3,FALSE))) -> 4310
A64: 1327 | B64: Bhusa ou Foin ou Paille | C64: 4.1 | D64: F3 | E64: HAFNIUM POWDER, WETTED with not less than 25% water | F64: H228 | T64: =IFERROR(VLOOKUP(F64,'CODE H VS CODE ICPE'!$A$2:$D$80,4,FALSE),"") -> Autorisé | U64: =IFERROR(VLOOKUP(G64,'CODE H VS CODE ICPE'!$A$2:$D$80,4,FALSE),"") | V64: =IFERROR(VLOOKUP(H64,'CODE H VS CODE ICPE'!$A$2:$D$80,4,FALSE),"") | W64: =IFERROR(VLOOKUP(I64,'CODE H VS CODE ICPE'!$A$2:$D$80,4,FALSE),"") | X64: =IFERROR(VLOOKUP(J64,'CODE H VS CODE ICPE'!$A$2:$D$80,4,FALSE),"") | Y64: =IFERROR(VLOOKUP(K64,'CODE H VS CODE ICPE'!$A$2:$D$80,4,FALSE),"") | Z64: =IFERROR(VLOOKUP(L64,'CODE H VS CODE ICPE'!$A$2:$D$80,4,FALSE),"") | AA64: =IFERROR(VLOOKUP(M64,'CODE H VS CODE ICPE'!$A$2:$D$80,4,FALSE),"") | ... AG64: =IFERROR(VLOOKUP(S64,'CODE H VS CODE ICPE'!$A$2:$D$80,4,FALSE),"") | AH64: Rejected | AI64: =IF(T64="",0,IF(T64="Interdit",0,VLOOKUP(F64,'CODE H VS CODE ICPE'!$A$2:$E$80,5,FALSE))) -> 999.99 | AJ64: =IF(U64="",0,IF(U64="Interdit",0,VLOOKUP(G64,'CODE H VS CODE ICPE'!$A$2:$E$80,5,FALSE))) -> 0 | AK64: =IF(V64="",0,IF(V64="Interdit",0,VLOOKUP(H64,'CODE H VS CODE ICPE'!$A$2:$E$80,5,FALSE))) -> 0 | AL64: =IF(W64="",0,IF(W64="Interdit",0,VLOOKUP(I64,'CODE H VS CODE ICPE'!$A$2:$E$80,5,FALSE))) -> 0 | AM64: =IF(X64="",0,IF(X64="Interdit",0,VLOOKUP(J64,'CODE H VS CODE ICPE'!$A$2:$E$80,5,FALSE))) -> 0 | AN64: =IF(Y64="",0,IF(Y64="Interdit",0,VLOOKUP(K64,'CODE H VS CODE ICPE'!$A$2:$E$80,5,FALSE))) -> 0 | AO64: =IF(Z64="",0,IF(Z64="Interdit",0,VLOOKUP(L64,'CODE H VS CODE ICPE'!$A$2:$E$80,5,FALSE))) -> 0 | AP64: =IF(AA64="",0,IF(AA64="Interdit",0,VLOOKUP(M64,'CODE H VS CODE ICPE'!$A$2:$E$80,5,FALSE))) -> 0 | ... AV64: =IF(AG64="",0,IF(AG64="Interdit",0,VLOOKUP(S64,'CODE H VS CODE ICPE'!$A$2:$E$80,5,FALSE))) -> 0 | AW64: =ADDRESS(2,MATCH(MAX(AI64:AV64),AI64:AV64,0)+COLUMN(AI64)-1) -> $AI$2 | AX64: =IF(AH64="Interdit","",IF(AW64="$AI$2",AI64,IF(AW64="$AJ$2",AJ64,IF(AW64="$AK$2",AK64,IF(AW64="$AL$2",AL64,IF(AW64="$AM$2",AM64,IF(AW64="$AN$2",AN64,IF(AW64="$AO$2",AO64,IF(AW64="$AP$2",AP64,IF(AW64="$AQ$2",AQ64,IF(AW64="$AR$2",AR64,IF(AW64="$AS$2",AS64,IF(AW64="$AT$2",AT64,IF(AW64="$AU$2",AU64,IF(AW64="$AV$2",AV64,""))))))))))))))) -> 999.99 | AY64: =IF(AX64="","",IF(AW64="$AI$2",F64,IF(AW64="$AJ$2",G64,IF(AW64="$AK$2",H64,IF(AW64="$AL$2",I64,IF(AW64="$AM$2",J64,IF(AW64="$AN$2",K64,IF(AW64="$AO$2",L64,IF(AW64="$AP$2",M64,IF(AW64="$AQ$2",N64,IF(AW64="$AR$2",O64,IF(AW64="$AS$2",P64,IF(AW64="$AT$2",Q64,IF(AW64="$AU$2",R64,IF(AW64="$AV$2",S64,""))))))))))))))) -> H228 | AZ64: =IF(AY64="","",IF(AY64=0,"",VLOOKUP(AY64,'CODE H VS CODE ICPE'!$A$1:$E$80,3,FALSE))) -> 4310
A65: 1328 | B65: HEXAMÉTHYLÈNE-TÉTRAMINE | C65: 4.1 | D65: F1 | E65: Hay, Straw or Bhusa | F65: H228 | G65: H302 | H65: H319 | T65: =IFERROR(VLOOKUP(F65,'CODE H VS CODE ICPE'!$A$2:$D$80,4,FALSE),"") -> Autorisé | U65: =IFERROR(VLOOKUP(G65,'CODE H VS CODE ICPE'!$A$2:$D$80,4,FALSE),"") -> Autorisé | V65: =IFERROR(VLOOKUP(H65,'CODE H VS CODE ICPE'!$A$2:$D$80,4,FALSE),"") -> Autorisé | W65: =IFERROR(VLOOKUP(I65,'CODE H VS CODE ICPE'!$A$2:$D$80,4,FALSE),"") | X65: =IFERROR(VLOOKUP(J65,'CODE H VS CODE ICPE'!$A$2:$D$80,4,FALSE),"") | Y65: =IFERROR(VLOOKUP(K65,'CODE H VS CODE ICPE'!$A$2:$D$80,4,FALSE),"") | Z65: =IFERROR(VLOOKUP(L65,'CODE H VS CODE ICPE'!$A$2:$D$80,4,FALSE),"") | AA65: =IFERROR(VLOOKUP(M65,'CODE H VS CODE ICPE'!$A$2:$D$80,4,FALSE),"") | ... AG65: =IFERROR(VLOOKUP(S65,'CODE H VS CODE ICPE'!$A$2:$D$80,4,FALSE),"") | AH65: Rejected | AI65: =IF(T65="",0,IF(T65="Interdit",0,VLOOKUP(F65,'CODE H VS CODE ICPE'!$A$2:$E$80,5,FALSE))) -> 999.99 | AJ65: =IF(U65="",0,IF(U65="Interdit",0,VLOOKUP(G65,'CODE H VS CODE ICPE'!$A$2:$E$80,5,FALSE))) -> 99999.99 | AK65: =IF(V65="",0,IF(V65="Interdit",0,VLOOKUP(H65,'CODE H VS CODE ICPE'!$A$2:$E$80,5,FALSE))) -> 99999.99 | AL65: =IF(W65="",0,IF(W65="Interdit",0,VLOOKUP(I65,'CODE H VS CODE ICPE'!$A$2:$E$80,5,FALSE))) -> 0 | AM65: =IF(X65="",0,IF(X65="Interdit",0,VLOOKUP(J65,'CODE H VS CODE ICPE'!$A$2:$E$80,5,FALSE))) -> 0 | AN65: =IF(Y65="",0,IF(Y65="Interdit",0,VLOOKUP(K65,'CODE H VS CODE ICPE'!$A$2:$E$80,5,FALSE))) -> 0 | AO65: =IF(Z65="",0,IF(Z65="Interdit",0,VLOOKUP(L65,'CODE H VS CODE ICPE'!$A$2:$E$80,5,FALSE))) -> 0 | AP65: =IF(AA65="",0,IF(AA65="Interdit",0,VLOOKUP(M65,'CODE H VS CODE ICPE'!$A$2:$E$80,5,FALSE))) -> 0 | ... AV65: =IF(AG65="",0,IF(AG65="Interdit",0,VLOOKUP(S65,'CODE H VS CODE ICPE'!$A$2:$E$80,5,FALSE))) -> 0 | AW65: =ADDRESS(2,MATCH(MAX(AI65:AV65),AI65:AV65,0)+COLUMN(AI65)-1) -> $AJ$2 | AX65: =IF(AH65="Interdit","",IF(AW65="$AI$2",AI65,IF(AW65="$AJ$2",AJ65,IF(AW65="$AK$2",AK65,IF(AW65="$AL$2",AL65,IF(AW65="$AM$2",AM65,IF(AW65="$AN$2",AN65,IF(AW65="$AO$2",AO65,IF(AW65="$AP$2",AP65,IF(AW65="$AQ$2",AQ65,IF(AW65="$AR$2",AR65,IF(AW65="$AS$2",AS65,IF(AW65="$AT$2",AT65,IF(AW65="$AU$2",AU65,IF(AW65="$AV$2",AV65,""))))))))))))))) -> 99999.99 | AY65: =IF(AX65="","",IF(AW65="$AI$2",F65,IF(AW65="$AJ$2",G65,IF(AW65="$AK$2",H65,IF(AW65="$AL$2",I65,IF(AW65="$AM$2",J65,IF(AW65="$AN$2",K65,IF(AW65="$AO$2",L65,IF(AW65="$AP$2",M65,IF(AW65="$AQ$2",N65,IF(AW65="$AR$2",O65,IF(AW65="$AS$2",P65,IF(AW65="$AT$2",Q65,IF(AW65="$AU$2",R65,IF(AW65="$AV$2",S65,""))))))))))))))) -> H302 | AZ65: =IF(AY65="","",IF(AY65=0,"",VLOOKUP(AY65,'CODE H VS CODE ICPE'!$A$1:$E$80,3,FALSE))) -> 4511
A66: 1330 | B66: RÉSINATE DE MANGANESE | C66: 4.1 | D66: F1 | E66: HEXAMETHYLENE-TETRAMINE | F66: H228 | T66: =IFERROR(VLOOKUP(F66,'CODE H VS CODE ICPE'!$A$2:$D$80,4,FALSE),"") -> Autorisé | U66: =IFERROR(VLOOKUP(G66,'CODE H VS CODE ICPE'!$A$2:$D$80,4,FALSE),"") | V66: =IFERROR(VLOOKUP(H66,'CODE H VS CODE ICPE'!$A$2:$D$80,4,FALSE),"") | W66: =IFERROR(VLOOKUP(I66,'CODE H VS CODE ICPE'!$A$2:$D$80,4,FALSE),"") | X66: =IFERROR(VLOOKUP(J66,'CODE H VS CODE ICPE'!$A$2:$D$80,4,FALSE),"") | Y66: =IFERROR(VLOOKUP(K66,'CODE H VS CODE ICPE'!$A$2:$D$80,4,FALSE),"") | Z66: =IFERROR(VLOOKUP(L66,'CODE H VS CODE ICPE'!$A$2:$D$80,4,FALSE),"") | AA66: =IFERROR(VLOOKUP(M66,'CODE H VS CODE ICPE'!$A$2:$D$80,4,FALSE),"") | ... AG66: =IFERROR(VLOOKUP(S66,'CODE H VS CODE ICPE'!$A$2:$D$80,4,FALSE),"") | AH66: Rejected | AI66: =IF(T66="",0,IF(T66="Interdit",0,VLOOKUP(F66,'CODE H VS CODE ICPE'!$A$2:$E$80,5,FALSE))) -> 999.99 | AJ66: =IF(U66="",0,IF(U66="Interdit",0,VLOOKUP(G66,'CODE H VS CODE ICPE'!$A$2:$E$80,5,FALSE))) -> 0 | AK66: =IF(V66="",0,IF(V66="Interdit",0,VLOOKUP(H66,'CODE H VS CODE ICPE'!$A$2:$E$80,5,FALSE))) -> 0 | AL66: =IF(W66="",0,IF(W66="Interdit",0,VLOOKUP(I66,'CODE H VS CODE ICPE'!$A$2:$E$80,5,FALSE))) -> 0 | AM66: =IF(X66="",0,IF(X66="Interdit",0,VLOOKUP(J66,'CODE H VS CODE ICPE'!$A$2:$E$80,5,FALSE))) -> 0 | AN66: =IF(Y66="",0,IF(Y66="Interdit",0,VLOOKUP(K66,'CODE H VS CODE ICPE'!$A$2:$E$80,5,FALSE))) -> 0 | AO66: =IF(Z66="",0,IF(Z66="Interdit",0,VLOOKUP(L66,'CODE H VS CODE ICPE'!$A$2:$E$80,5,FALSE))) -> 0 | AP66: =IF(AA66="",0,IF(AA66="Interdit",0,VLOOKUP(M66,'CODE H VS CODE ICPE'!$A$2:$E$80,5,FALSE))) -> 0 | ... AV66: =IF(AG66="",0,IF(AG66="Interdit",0,VLOOKUP(S66,'CODE H VS CODE ICPE'!$A$2:$E$80,5,FALSE))) -> 0 | AW66: =ADDRESS(2,MATCH(MAX(AI66:AV66),AI66:AV66,0)+COLUMN(AI66)-1) -> $AI$2 | AX66: =IF(AH66="Interdit","",IF(AW66="$AI$2",AI66,IF(AW66="$AJ$2",AJ66,IF(AW66="$AK$2",AK66,IF(AW66="$AL$2",AL66,IF(AW66="$AM$2",AM66,IF(AW66="$AN$2",AN66,IF(AW66="$AO$2",AO66,IF(AW66="$AP$2",AP66,IF(AW66="$AQ$2",AQ66,IF(AW66="$AR$2",AR66,IF(AW66="$AS$2",AS66,IF(AW66="$AT$2",AT66,IF(AW66="$AU$2",AU66,IF(AW66="$AV$2",AV66,""))))))))))))))) -> 999.99 | AY66: =IF(AX66="","",IF(AW66="$AI$2",F66,IF(AW66="$AJ$2",G66,IF(AW66="$AK$2",H66,IF(AW66="$AL$2",I66,IF(AW66="$AM$2",J66,IF(AW66="$AN$2",K66,IF(AW66="$AO$2",L66,IF(AW66="$AP$2",M66,IF(AW66="$AQ$2",N66,IF(AW66="$AR$2",O66,IF(AW66="$AS$2",P66,IF(AW66="$AT$2",Q66,IF(AW66="$AU$2",R66,IF(AW66="$AV$2",S66,""))))))))))))))) -> H228 | AZ66: =IF(AY66="","",IF(AY66=0,"",VLOOKUP(AY66,'CODE H VS CODE ICPE'!$A$1:$E$80,3,FALSE))) -> 4310
A67: 1331 | B67: ALLUMETTES NON «DE SÛRETÉ» | C67: 4.1 | D67: F3 | E67: MANGANESE RESINATE | F67: H228 | T67: =IFERROR(VLOOKUP(F67,'CODE H VS CODE ICPE'!$A$2:$D$80,4,FALSE),"") -> Autorisé | U67: =IFERROR(VLOOKUP(G67,'CODE H VS CODE ICPE'!$A$2:$D$80,4,FALSE),"") | V67: =IFERROR(VLOOKUP(H67,'CODE H VS CODE ICPE'!$A$2:$D$80,4,FALSE),"") | W67: =IFERROR(VLOOKUP(I67,'CODE H VS CODE ICPE'!$A$2:$D$80,4,FALSE),"") | X67: =IFERROR(VLOOKUP(J67,'CODE H VS CODE ICPE'!$A$2:$D$80,4,FALSE),"") | Y67: =IFERROR(VLOOKUP(K67,'CODE H VS CODE ICPE'!$A$2:$D$80,4,FALSE),"") | Z67: =IFERROR(VLOOKUP(L67,'CODE H VS CODE ICPE'!$A$2:$D$80,4,FALSE),"") | AA67: =IFERROR(VLOOKUP(M67,'CODE H VS CODE ICPE'!$A$2:$D$80,4,FALSE),"") | ... AG67: =IFERROR(VLOOKUP(S67,'CODE H VS CODE ICPE'!$A$2:$D$80,4,FALSE),"") | AH67: Rejected | AI67: =IF(T67="",0,IF(T67="Interdit",0,VLOOKUP(F67,'CODE H VS CODE ICPE'!$A$2:$E$80,5,FALSE))) -> 999.99 | AJ67: =IF(U67="",0,IF(U67="Interdit",0,VLOOKUP(G67,'CODE H VS CODE ICPE'!$A$2:$E$80,5,FALSE))) -> 0 | AK67: =IF(V67="",0,IF(V67="Interdit",0,VLOOKUP(H67,'CODE H VS CODE ICPE'!$A$2:$E$80,5,FALSE))) -> 0 | AL67: =IF(W67="",0,IF(W67="Interdit",0,VLOOKUP(I67,'CODE H VS CODE ICPE'!$A$2:$E$80,5,FALSE))) -> 0 | AM67: =IF(X67="",0,IF(X67="Interdit",0,VLOOKUP(J67,'CODE H VS CODE ICPE'!$A$2:$E$80,5,FALSE))) -> 0 | AN67: =IF(Y67="",0,IF(Y67="Interdit",0,VLOOKUP(K67,'CODE H VS CODE ICPE'!$A$2:$E$80,5,FALSE))) -> 0 | AO67: =IF(Z67="",0,IF(Z67="Interdit",0,VLOOKUP(L67,'CODE H VS CODE ICPE'!$A$2:$E$80,5,FALSE))) -> 0 | AP67: =IF(AA67="",0,IF(AA67="Interdit",0,VLOOKUP(M67,'CODE H VS CODE ICPE'!$A$2:$E$80,5,FALSE))) -> 0 | ... AV67: =IF(AG67="",0,IF(AG67="Interdit",0,VLOOKUP(S67,'CODE H VS CODE ICPE'!$A$2:$E$80,5,FALSE))) -> 0 | AW67: =ADDRESS(2,MATCH(MAX(AI67:AV67),AI67:AV67,0)+COLUMN(AI67)-1) -> $AI$2 | AX67: =IF(AH67="Interdit","",IF(AW67="$AI$2",AI67,IF(AW67="$AJ$2",AJ67,IF(AW67="$AK$2",AK67,IF(AW67="$AL$2",AL67,IF(AW67="$AM$2",AM67,IF(AW67="$AN$2",AN67,IF(AW67="$AO$2",AO67,IF(AW67="$AP$2",AP67,IF(AW67="$AQ$2",AQ67,IF(AW67="$AR$2",AR67,IF(AW67="$AS$2",AS67,IF(AW67="$AT$2",AT67,IF(AW67="$AU$2",AU67,IF(AW67="$AV$2",AV67,""))))))))))))))) -> 999.99 | AY67: =IF(AX67="","",IF(AW67="$AI$2",F67,IF(AW67="$AJ$2",G67,IF(AW67="$AK$2",H67,IF(AW67="$AL$2",I67,IF(AW67="$AM$2",J67,IF(AW67="$AN$2",K67,IF(AW67="$AO$2",L67,IF(AW67="$AP$2",M67,IF(AW67="$AQ$2",N67,IF(AW67="$AR$2",O67,IF(AW67="$AS$2",P67,IF(AW67="$AT$2",Q67,IF(AW67="$AU$2",R67,IF(AW67="$AV$2",S67,""))))))))))))))) -> H228 | AZ67: =IF(AY67="","",IF(AY67=0,"",VLOOKUP(AY67,'CODE H VS CODE ICPE'!$A$1:$E$80,3,FALSE))) -> 4310
A68: 1332 | B68: MÉTALDÉHYDE | C68: 4.1 | D68: F1 | E68: MATCHES, 'STRIKE ANYWHERE' | F68: H228 | G68: H302 | T68: =IFERROR(VLOOKUP(F68,'CODE H VS CODE ICPE'!$A$2:$D$80,4,FALSE),"") -> Autorisé | U68: =IFERROR(VLOOKUP(G68,'CODE H VS CODE ICPE'!$A$2:$D$80,4,FALSE),"") -> Autorisé | V68: =IFERROR(VLOOKUP(H68,'CODE H VS CODE ICPE'!$A$2:$D$80,4,FALSE),"") | W68: =IFERROR(VLOOKUP(I68,'CODE H VS CODE ICPE'!$A$2:$D$80,4,FALSE),"") | X68: =IFERROR(VLOOKUP(J68,'CODE H VS CODE ICPE'!$A$2:$D$80,4,FALSE),"") | Y68: =IFERROR(VLOOKUP(K68,'CODE H VS CODE ICPE'!$A$2:$D$80,4,FALSE),"") | Z68: =IFERROR(VLOOKUP(L68,'CODE H VS CODE ICPE'!$A$2:$D$80,4,FALSE),"") | AA68: =IFERROR(VLOOKUP(M68,'CODE H VS CODE ICPE'!$A$2:$D$80,4,FALSE),"") | ... AG68: =IFERROR(VLOOKUP(S68,'CODE H VS CODE ICPE'!$A$2:$D$80,4,FALSE),"") | AH68: Rejected | AI68: =IF(T68="",0,IF(T68="Interdit",0,VLOOKUP(F68,'CODE H VS CODE ICPE'!$A$2:$E$80,5,FALSE))) -> 999.99 | AJ68: =IF(U68="",0,IF(U68="Interdit",0,VLOOKUP(G68,'CODE H VS CODE ICPE'!$A$2:$E$80,5,FALSE))) -> 99999.99 | AK68: =IF(V68="",0,IF(V68="Interdit",0,VLOOKUP(H68,'CODE H VS CODE ICPE'!$A$2:$E$80,5,FALSE))) -> 0 | AL68: =IF(W68="",0,IF(W68="Interdit",0,VLOOKUP(I68,'CODE H VS CODE ICPE'!$A$2:$E$80,5,FALSE))) -> 0 | AM68: =IF(X68="",0,IF(X68="Interdit",0,VLOOKUP(J68,'CODE H VS CODE ICPE'!$A$2:$E$80,5,FALSE))) -> 0 | AN68: =IF(Y68="",0,IF(Y68="Interdit",0,VLOOKUP(K68,'CODE H VS CODE ICPE'!$A$2:$E$80,5,FALSE))) -> 0 | AO68: =IF(Z68="",0,IF(Z68="Interdit",0,VLOOKUP(L68,'CODE H VS CODE ICPE'!$A$2:$E$80,5,FALSE))) -> 0 | AP68: =IF(AA68="",0,IF(AA68="Interdit",0,VLOOKUP(M68,'CODE H VS CODE ICPE'!$A$2:$E$80,5,FALSE))) -> 0 | ... AV68: =IF(AG68="",0,IF(AG68="Interdit",0,VLOOKUP(S68,'CODE H VS CODE ICPE'!$A$2:$E$80,5,FALSE))) -> 0 | AW68: =ADDRESS(2,MATCH(MAX(AI68:AV68),AI68:AV68,0)+COLUMN(AI68)-1) -> $AJ$2 | AX68: =IF(AH68="Interdit","",IF(AW68="$AI$2",AI68,IF(AW68="$AJ$2",AJ68,IF(AW68="$AK$2",AK68,IF(AW68="$AL$2",AL68,IF(AW68="$AM$2",AM68,IF(AW68="$AN$2",AN68,IF(AW68="$AO$2",AO68,IF(AW68="$AP$2",AP68,IF(AW68="$AQ$2",AQ68,IF(AW68="$AR$2",AR68,IF(AW68="$AS$2",AS68,IF(AW68="$AT$2",AT68,IF(AW68="$AU$2",AU68,IF(AW68="$AV$2",AV68,""))))))))))))))) -> 99999.99 | AY68: =IF(AX68="","",IF(AW68="$AI$2",F68,IF(AW68="$AJ$2",G68,IF(AW68="$AK$2",H68,IF(AW68="$AL$2",I68,IF(AW68="$AM$2",J68,IF(AW68="$AN$2",K68,IF(AW68="$AO$2",L68,IF(AW68="$AP$2",M68,IF(AW68="$AQ$2",N68,IF(AW68="$AR$2",O68,IF(AW68="$AS$2",P68,IF(AW68="$AT$2",Q68,IF(AW68="$AU$2",R68,IF(AW68="$AV$2",S68,""))))))))))))))) -> H302 | AZ68: =IF(AY68="","",IF(AY68=0,"",VLOOKUP(AY68,'CODE H VS CODE ICPE'!$A$1:$E$80,3,FALSE))) -> 4511
A69: 1333 | B69: CÉRIUM, plaques, barres, lingots | C69: 4.1 | D69: F1 | E69: METALDEHYDE | F69: H228 | T69: =IFERROR(VLOOKUP(F69,'CODE H VS CODE ICPE'!$A$2:$D$80,4,FALSE),"") -> Autorisé | U69: =IFERROR(VLOOKUP(G69,'CODE H VS CODE ICPE'!$A$2:$D$80,4,FALSE),"") | V69: =IFERROR(VLOOKUP(H69,'CODE H VS CODE ICPE'!$A$2:$D$80,4,FALSE),"") | W69: =IFERROR(VLOOKUP(I69,'CODE H VS CODE ICPE'!$A$2:$D$80,4,FALSE),"") | X69: =IFERROR(VLOOKUP(J69,'CODE H VS CODE ICPE'!$A$2:$D$80,4,FALSE),"") | Y69: =IFERROR(VLOOKUP(K69,'CODE H VS CODE ICPE'!$A$2:$D$80,4,FALSE),"") | Z69: =IFERROR(VLOOKUP(L69,'CODE H VS CODE ICPE'!$A$2:$D$80,4,FALSE),"") | AA69: =IFERROR(VLOOKUP(M69,'CODE H VS CODE ICPE'!$A$2:$D$80,4,FALSE),"") | ... AG69: =IFERROR(VLOOKUP(S69,'CODE H VS CODE ICPE'!$A$2:$D$80,4,FALSE),"") | AH69: Rejected | AI69: =IF(T69="",0,IF(T69="Interdit",0,VLOOKUP(F69,'CODE H VS CODE ICPE'!$A$2:$E$80,5,FALSE))) -> 999.99 | AJ69: =IF(U69="",0,IF(U69="Interdit",0,VLOOKUP(G69,'CODE H VS CODE ICPE'!$A$2:$E$80,5,FALSE))) -> 0 | AK69: =IF(V69="",0,IF(V69="Interdit",0,VLOOKUP(H69,'CODE H VS CODE ICPE'!$A$2:$E$80,5,FALSE))) -> 0 | AL69: =IF(W69="",0,IF(W69="Interdit",0,VLOOKUP(I69,'CODE H VS CODE ICPE'!$A$2:$E$80,5,FALSE))) -> 0 | AM69: =IF(X69="",0,IF(X69="Interdit",0,VLOOKUP(J69,'CODE H VS CODE ICPE'!$A$2:$E$80,5,FALSE))) -> 0 | AN69: =IF(Y69="",0,IF(Y69="Interdit",0,VLOOKUP(K69,'CODE H VS CODE ICPE'!$A$2:$E$80,5,FALSE))) -> 0 | AO69: =IF(Z69="",0,IF(Z69="Interdit",0,VLOOKUP(L69,'CODE H VS CODE ICPE'!$A$2:$E$80,5,FALSE))) -> 0 | AP69: =IF(AA69="",0,IF(AA69="Interdit",0,VLOOKUP(M69,'CODE H VS CODE ICPE'!$A$2:$E$80,5,FALSE))) -> 0 | ... AV69: =IF(AG69="",0,IF(AG69="Interdit",0,VLOOKUP(S69,'CODE H VS CODE ICPE'!$A$2:$E$80,5,FALSE))) -> 0 | AW69: =ADDRESS(2,MATCH(MAX(AI69:AV69),AI69:AV69,0)+COLUMN(AI69)-1) -> $AI$2 | AX69: =IF(AH69="Interdit","",IF(AW69="$AI$2",AI69,IF(AW69="$AJ$2",AJ69,IF(AW69="$AK$2",AK69,IF(AW69="$AL$2",AL69,IF(AW69="$AM$2",AM69,IF(AW69="$AN$2",AN69,IF(AW69="$AO$2",AO69,IF(AW69="$AP$2",AP69,IF(AW69="$AQ$2",AQ69,IF(AW69="$AR$2",AR69,IF(AW69="$AS$2",AS69,IF(AW69="$AT$2",AT69,IF(AW69="$AU$2",AU69,IF(AW69="$AV$2",AV69,""))))))))))))))) -> 999.99 | AY69: =IF(AX69="","",IF(AW69="$AI$2",F69,IF(AW69="$AJ$2",G69,IF(AW69="$AK$2",H69,IF(AW69="$AL$2",I69,IF(AW69="$AM$2",J69,IF(AW69="$AN$2",K69,IF(AW69="$AO$2",L69,IF(AW69="$AP$2",M69,IF(AW69="$AQ$2",N69,IF(AW69="$AR$2",O69,IF(AW69="$AS$2",P69,IF(AW69="$AT$2",Q69,IF(AW69="$AU$2",R69,IF(AW69="$AV$2",S69,""))))))))))))))) -> H228 | AZ69: =IF(AY69="","",IF(AY69=0,"",VLOOKUP(AY69,'CODE H VS CODE ICPE'!$A$1:$E$80,3,FALSE))) -> 4310
A70: 1338 | B70: PHOSPHORE AMORPHE | C70: 4.1 | D70: D | E70: NITROSTARCH, WETTED with not less than 20% water, by mass | F70: H228 | T70: =IFERROR(VLOOKUP(F70,'CODE H VS CODE ICPE'!$A$2:$D$80,4,FALSE),"") -> Autorisé | U70: =IFERROR(VLOOKUP(G70,'CODE H VS CODE ICPE'!$A$2:$D$80,4,FALSE),"") | V70: =IFERROR(VLOOKUP(H70,'CODE H VS CODE ICPE'!$A$2:$D$80,4,FALSE),"") | W70: =IFERROR(VLOOKUP(I70,'CODE H VS CODE ICPE'!$A$2:$D$80,4,FALSE),"") | X70: =IFERROR(VLOOKUP(J70,'CODE H VS CODE ICPE'!$A$2:$D$80,4,FALSE),"") | Y70: =IFERROR(VLOOKUP(K70,'CODE H VS CODE ICPE'!$A$2:$D$80,4,FALSE),"") | Z70: =IFERROR(VLOOKUP(L70,'CODE H VS CODE ICPE'!$A$2:$D$80,4,FALSE),"") | AA70: =IFERROR(VLOOKUP(M70,'CODE H VS CODE ICPE'!$A$2:$D$80,4,FALSE),"") | ... AG70: =IFERROR(VLOOKUP(S70,'CODE H VS CODE ICPE'!$A$2:$D$80,4,FALSE),"") | AH70: Rejected | AI70: =IF(T70="",0,IF(T70="Interdit",0,VLOOKUP(F70,'CODE H VS CODE ICPE'!$A$2:$E$80,5,FALSE))) -> 999.99 | AJ70: =IF(U70="",0,IF(U70="Interdit",0,VLOOKUP(G70,'CODE H VS CODE ICPE'!$A$2:$E$80,5,FALSE))) -> 0 | AK70: =IF(V70="",0,IF(V70="Interdit",0,VLOOKUP(H70,'CODE H VS CODE ICPE'!$A$2:$E$80,5,FALSE))) -> 0 | AL70: =IF(W70="",0,IF(W70="Interdit",0,VLOOKUP(I70,'CODE H VS CODE ICPE'!$A$2:$E$80,5,FALSE))) -> 0 | AM70: =IF(X70="",0,IF(X70="Interdit",0,VLOOKUP(J70,'CODE H VS CODE ICPE'!$A$2:$E$80,5,FALSE))) -> 0 | AN70: =IF(Y70="",0,IF(Y70="Interdit",0,VLOOKUP(K70,'CODE H VS CODE ICPE'!$A$2:$E$80,5,FALSE))) -> 0 | AO70: =IF(Z70="",0,IF(Z70="Interdit",0,VLOOKUP(L70,'CODE H VS CODE ICPE'!$A$2:$E$80,5,FALSE))) -> 0 | AP70: =IF(AA70="",0,IF(AA70="Interdit",0,VLOOKUP(M70,'CODE H VS CODE ICPE'!$A$2:$E$80,5,FALSE))) -> 0 | ... AV70: =IF(AG70="",0,IF(AG70="Interdit",0,VLOOKUP(S70,'CODE H VS CODE ICPE'!$A$2:$E$80,5,FALSE))) -> 0 | AW70: =ADDRESS(2,MATCH(MAX(AI70:AV70),AI70:AV70,0)+COLUMN(AI70)-1) -> $AI$2 | AX70: =IF(AH70="Interdit","",IF(AW70="$AI$2",AI70,IF(AW70="$AJ$2",AJ70,IF(AW70="$AK$2",AK70,IF(AW70="$AL$2",AL70,IF(AW70="$AM$2",AM70,IF(AW70="$AN$2",AN70,IF(AW70="$AO$2",AO70,IF(AW70="$AP$2",AP70,IF(AW70="$AQ$2",AQ70,IF(AW70="$AR$2",AR70,IF(AW70="$AS$2",AS70,IF(AW70="$AT$2",AT70,IF(AW70="$AU$2",AU70,IF(AW70="$AV$2",AV70,""))))))))))))))) -> 999.99 | AY70: =IF(AX70="","",IF(AW70="$AI$2",F70,IF(AW70="$AJ$2",G70,IF(AW70="$AK$2",H70,IF(AW70="$AL$2",I70,IF(AW70="$AM$2",J70,IF(AW70="$AN$2",K70,IF(AW70="$AO$2",L70,IF(AW70="$AP$2",M70,IF(AW70="$AQ$2",N70,IF(AW70="$AR$2",O70,IF(AW70="$AS$2",P70,IF(AW70="$AT$2",Q70,IF(AW70="$AU$2",R70,IF(AW70="$AV$2",S70,""))))))))))))))) -> H228 | AZ70: =IF(AY70="","",IF(AY70=0,"",VLOOKUP(AY70,'CODE H VS CODE ICPE'!$A$1:$E$80,3,FALSE))) -> 4310
A71: 1339 | B71: HEPTASULFURE DE PHOSPHORE exempt de phosphore jaune ou blanc | C71: 4.1 | D71: F3 | E71: PHOSPHORUS, AMORPHOUS | F71: H228 | T71: =IFERROR(VLOOKUP(F71,'CODE H VS CODE ICPE'!$A$2:$D$80,4,FALSE),"") -> Autorisé | U71: =IFERROR(VLOOKUP(G71,'CODE H VS CODE ICPE'!$A$2:$D$80,4,FALSE),"") | V71: =IFERROR(VLOOKUP(H71,'CODE H VS CODE ICPE'!$A$2:$D$80,4,FALSE),"") | W71: =IFERROR(VLOOKUP(I71,'CODE H VS CODE ICPE'!$A$2:$D$80,4,FALSE),"") | X71: =IFERROR(VLOOKUP(J71,'CODE H VS CODE ICPE'!$A$2:$D$80,4,FALSE),"") | Y71: =IFERROR(VLOOKUP(K71,'CODE H VS CODE ICPE'!$A$2:$D$80,4,FALSE),"") | Z71: =IFERROR(VLOOKUP(L71,'CODE H VS CODE ICPE'!$A$2:$D$80,4,FALSE),"") | AA71: =IFERROR(VLOOKUP(M71,'CODE H VS CODE ICPE'!$A$2:$D$80,4,FALSE),"") | ... AG71: =IFERROR(VLOOKUP(S71,'CODE H VS CODE ICPE'!$A$2:$D$80,4,FALSE),"") | AH71: Rejected | AI71: =IF(T71="",0,IF(T71="Interdit",0,VLOOKUP(F71,'CODE H VS CODE ICPE'!$A$2:$E$80,5,FALSE))) -> 999.99 | AJ71: =IF(U71="",0,IF(U71="Interdit",0,VLOOKUP(G71,'CODE H VS CODE ICPE'!$A$2:$E$80,5,FALSE))) -> 0 | AK71: =IF(V71="",0,IF(V71="Interdit",0,VLOOKUP(H71,'CODE H VS CODE ICPE'!$A$2:$E$80,5,FALSE))) -> 0 | AL71: =IF(W71="",0,IF(W71="Interdit",0,VLOOKUP(I71,'CODE H VS CODE ICPE'!$A$2:$E$80,5,FALSE))) -> 0 | AM71: =IF(X71="",0,IF(X71="Interdit",0,VLOOKUP(J71,'CODE H VS CODE ICPE'!$A$2:$E$80,5,FALSE))) -> 0 | AN71: =IF(Y71="",0,IF(Y71="Interdit",0,VLOOKUP(K71,'CODE H VS CODE ICPE'!$A$2:$E$80,5,FALSE))) -> 0 | AO71: =IF(Z71="",0,IF(Z71="Interdit",0,VLOOKUP(L71,'CODE H VS CODE ICPE'!$A$2:$E$80,5,FALSE))) -> 0 | AP71: =IF(AA71="",0,IF(AA71="Interdit",0,VLOOKUP(M71,'CODE H VS CODE ICPE'!$A$2:$E$80,5,FALSE))) -> 0 | ... AV71: =IF(AG71="",0,IF(AG71="Interdit",0,VLOOKUP(S71,'CODE H VS CODE ICPE'!$A$2:$E$80,5,FALSE))) -> 0 | AW71: =ADDRESS(2,MATCH(MAX(AI71:AV71),AI71:AV71,0)+COLUMN(AI71)-1) -> $AI$2 | AX71: =IF(AH71="Interdit","",IF(AW71="$AI$2",AI71,IF(AW71="$AJ$2",AJ71,IF(AW71="$AK$2",AK71,IF(AW71="$AL$2",AL71,IF(AW71="$AM$2",AM71,IF(AW71="$AN$2",AN71,IF(AW71="$AO$2",AO71,IF(AW71="$AP$2",AP71,IF(AW71="$AQ$2",AQ71,IF(AW71="$AR$2",AR71,IF(AW71="$AS$2",AS71,IF(AW71="$AT$2",AT71,IF(AW71="$AU$2",AU71,IF(AW71="$AV$2",AV71,""))))))))))))))) -> 999.99 | AY71: =IF(AX71="","",IF(AW71="$AI$2",F71,IF(AW71="$AJ$2",G71,IF(AW71="$AK$2",H71,IF(AW71="$AL$2",I71,IF(AW71="$AM$2",J71,IF(AW71="$AN$2",K71,IF(AW71="$AO$2",L71,IF(AW71="$AP$2",M71,IF(AW71="$AQ$2",N71,IF(AW71="$AR$2",O71,IF(AW71="$AS$2",P71,IF(AW71="$AT$2",Q71,IF(AW71="$AU$2",R71,IF(AW71="$AV$2",S71,""))))))))))))))) -> H228 | AZ71: =IF(AY71="","",IF(AY71=0,"",VLOOKUP(AY71,'CODE H VS CODE ICPE'!$A$1:$E$80,3,FALSE))) -> 4310
A72: 1340 | B72: PENTASULFURE DE PHOSPHORE exempt de phosphore jaune ou blanc | C72: 4.1 | D72: F3 | E72: PHOSPHORUS HEPTASULPHIDE, free from yellow and white phosphorus | F72: H228 | T72: =IFERROR(VLOOKUP(F72,'CODE H VS CODE ICPE'!$A$2:$D$80,4,FALSE),"") -> Autorisé | U72: =IFERROR(VLOOKUP(G72,'CODE H VS CODE ICPE'!$A$2:$D$80,4,FALSE),"") | V72: =IFERROR(VLOOKUP(H72,'CODE H VS CODE ICPE'!$A$2:$D$80,4,FALSE),"") | W72: =IFERROR(VLOOKUP(I72,'CODE H VS CODE ICPE'!$A$2:$D$80,4,FALSE),"") | X72: =IFERROR(VLOOKUP(J72,'CODE H VS CODE ICPE'!$A$2:$D$80,4,FALSE),"") | Y72: =IFERROR(VLOOKUP(K72,'CODE H VS CODE ICPE'!$A$2:$D$80,4,FALSE),"") | Z72: =IFERROR(VLOOKUP(L72,'CODE H VS CODE ICPE'!$A$2:$D$80,4,FALSE),"") | AA72: =IFERROR(VLOOKUP(M72,'CODE H VS CODE ICPE'!$A$2:$D$80,4,FALSE),"") | ... AG72: =IFERROR(VLOOKUP(S72,'CODE H VS CODE ICPE'!$A$2:$D$80,4,FALSE),"") | AH72: Rejected | AI72: =IF(T72="",0,IF(T72="Interdit",0,VLOOKUP(F72,'CODE H VS CODE ICPE'!$A$2:$E$80,5,FALSE))) -> 999.99 | AJ72: =IF(U72="",0,IF(U72="Interdit",0,VLOOKUP(G72,'CODE H VS CODE ICPE'!$A$2:$E$80,5,FALSE))) -> 0 | AK72: =IF(V72="",0,IF(V72="Interdit",0,VLOOKUP(H72,'CODE H VS CODE ICPE'!$A$2:$E$80,5,FALSE))) -> 0 | AL72: =IF(W72="",0,IF(W72="Interdit",0,VLOOKUP(I72,'CODE H VS CODE ICPE'!$A$2:$E$80,5,FALSE))) -> 0 | AM72: =IF(X72="",0,IF(X72="Interdit",0,VLOOKUP(J72,'CODE H VS CODE ICPE'!$A$2:$E$80,5,FALSE))) -> 0 | AN72: =IF(Y72="",0,IF(Y72="Interdit",0,VLOOKUP(K72,'CODE H VS CODE ICPE'!$A$2:$E$80,5,FALSE))) -> 0 | AO72: =IF(Z72="",0,IF(Z72="Interdit",0,VLOOKUP(L72,'CODE H VS CODE ICPE'!$A$2:$E$80,5,FALSE))) -> 0 | AP72: =IF(AA72="",0,IF(AA72="Interdit",0,VLOOKUP(M72,'CODE H VS CODE ICPE'!$A$2:$E$80,5,FALSE))) -> 0 | ... AV72: =IF(AG72="",0,IF(AG72="Interdit",0,VLOOKUP(S72,'CODE H VS CODE ICPE'!$A$2:$E$80,5,FALSE))) -> 0 | AW72: =ADDRESS(2,MATCH(MAX(AI72:AV72),AI72:AV72,0)+COLUMN(AI72)-1) -> $AI$2 | AX72: =IF(AH72="Interdit","",IF(AW72="$AI$2",AI72,IF(AW72="$AJ$2",AJ72,IF(AW72="$AK$2",AK72,IF(AW72="$AL$2",AL72,IF(AW72="$AM$2",AM72,IF(AW72="$AN$2",AN72,IF(AW72="$AO$2",AO72,IF(AW72="$AP$2",AP72,IF(AW72="$AQ$2",AQ72,IF(AW72="$AR$2",AR72,IF(AW72="$AS$2",AS72,IF(AW72="$AT$2",AT72,IF(AW72="$AU$2",AU72,IF(AW72="$AV$2",AV72,""))))))))))))))) -> 999.99 | AY72: =IF(AX72="","",IF(AW72="$AI$2",F72,IF(AW72="$AJ$2",G72,IF(AW72="$AK$2",H72,IF(AW72="$AL$2",I72,IF(AW72="$AM$2",J72,IF(AW72="$AN$2",K72,IF(AW72="$AO$2",L72,IF(AW72="$AP$2",M72,IF(AW72="$AQ$2",N72,IF(AW72="$AR$2",O72,IF(AW72="$AS$2",P72,IF(AW72="$AT$2",Q72,IF(AW72="$AU$2",R72,IF(AW72="$AV$2",S72,""))))))))))))))) -> H228 | AZ72: =IF(AY72="","",IF(AY72=0,"",VLOOKUP(AY72,'CODE H VS CODE ICPE'!$A$1:$E$80,3,FALSE))) -> 4310
